id,votes
constituency_10_1_1,14813
constituency_10_1_2,14368
constituency_10_1_3,979
constituency_10_1_4,244
constituency_10_1_5,351
constituency_10_1_6,34167
constituency_10_1_7,6030
constituency_10_1_8,1023
constituency_10_1_9,2075
constituency_10_1_10,168
constituency_10_1_11,629
constituency_10_1_12,1133
constituency_10_1_13,94
constituency_10_1_14,80
constituency_10_1_15,154
constituency_10_1_16,489
constituency_10_1_17,113
constituency_10_1_18,77075
constituency_10_10_1,41804
constituency_10_10_2,19047
constituency_10_10_3,9440
constituency_10_10_4,7925
constituency_10_10_5,6372
constituency_10_10_6,2012
constituency_10_10_7,1437
constituency_10_10_8,636
constituency_10_10_9,583
constituency_10_10_10,545
constituency_10_10_11,503
constituency_10_10_12,495
constituency_10_10_13,461
constituency_10_10_14,282
constituency_10_10_15,203
constituency_10_10_16,0
constituency_10_11_1,38779
constituency_10_11_2,24
constituency_10_11_3,20
constituency_10_11_4,3
constituency_10_11_5,1
constituency_10_11_6,996
constituency_10_11_7,598
constituency_10_11_8,686
constituency_10_11_9,620
constituency_10_11_10,544
constituency_10_11_11,413
constituency_10_11_12,369
constituency_10_11_13,332
constituency_10_11_14,296
constituency_10_11_15,203
constituency_10_11_16,199
constituency_10_11_17,181
constituency_10_11_18,60
constituency_10_12_1,49925
constituency_10_12_2,16106
constituency_10_12_3,15095
constituency_10_12_4,9527
constituency_10_12_5,4142
constituency_10_12_6,1770
constituency_10_12_7,1183
constituency_10_12_8,945
constituency_10_12_9,721
constituency_10_12_10,0
constituency_10_12_11,452
constituency_10_12_12,430
constituency_10_12_13,434
constituency_10_12_14,368
constituency_10_12_15,298
constituency_10_12_16,267
constituency_10_13_1,0
constituency_10_13_2,15227
constituency_10_13_3,11428
constituency_10_13_4,10752
constituency_10_13_5,1883
constituency_10_13_6,1323
constituency_10_13_7,0
constituency_10_13_8,1082
constituency_10_13_9,775
constituency_10_13_10,438
constituency_10_13_11,0
constituency_10_13_12,0
constituency_10_13_13,252
constituency_10_13_14,157
constituency_10_13_15,131
constituency_10_14_1,41528
constituency_10_14_2,25491
constituency_10_14_3,10848
constituency_10_14_4,8186
constituency_10_14_5,1333
constituency_10_14_6,1299
constituency_10_14_7,1199
constituency_10_14_8,694
constituency_10_14_9,571
constituency_10_14_10,485
constituency_10_14_11,477
constituency_10_14_12,0
constituency_10_14_13,352
constituency_10_14_14,291
constituency_10_14_15,213
constituency_10_14_16,146
constituency_10_16_1,46021
constituency_10_16_2,15424
constituency_10_16_3,15340
constituency_10_16_4,8442
constituency_10_16_5,1660
constituency_10_16_6,1648
constituency_10_16_7,1317
constituency_10_16_8,0
constituency_10_16_9,0
constituency_10_16_10,747
constituency_10_16_11,626
constituency_10_16_12,467
constituency_10_16_13,0
constituency_10_16_14,153
constituency_10_16_15,0
constituency_10_17_1,0
constituency_10_17_2,16132
constituency_10_17_3,12311
constituency_10_17_4,5611
constituency_10_17_5,1967
constituency_10_17_6,1604
constituency_10_17_7,1382
constituency_10_17_8,864
constituency_10_17_9,773
constituency_10_17_10,745
constituency_10_17_11,499
constituency_10_17_12,358
constituency_10_17_13,0
constituency_10_17_14,246
constituency_10_17_15,222
constituency_10_18_1,34738
constituency_10_18_2,20414
constituency_10_18_3,8326
constituency_10_18_4,6654
constituency_10_18_5,3260
constituency_10_18_6,1732
constituency_10_18_7,496
constituency_10_18_8,436
constituency_10_18_9,372
constituency_10_18_10,359
constituency_10_18_11,338
constituency_10_18_12,285
constituency_10_18_13,225
constituency_10_18_14,211
constituency_10_18_15,210
constituency_10_18_16,196
constituency_10_18_17,171
constituency_10_18_18,80204
constituency_10_19_1,42802
constituency_10_19_2,17802
constituency_10_19_3,13271
constituency_10_19_4,10234
constituency_10_19_5,2415
constituency_10_19_6,1607
constituency_10_19_7,924
constituency_10_19_8,772
constituency_10_19_9,579
constituency_10_19_10,546
constituency_10_19_11,377
constituency_10_19_12,345
constituency_10_19_13,269
constituency_10_19_14,230
constituency_10_2_1,39499
constituency_10_2_2,15949
constituency_10_2_3,14613
constituency_10_2_4,5652
constituency_10_2_5,1684
constituency_10_2_6,1358
constituency_10_2_7,933
constituency_10_2_8,844
constituency_10_2_9,807
constituency_10_2_10,737
constituency_10_2_11,590
constituency_10_2_12,402
constituency_10_2_13,385
constituency_10_2_14,306
constituency_10_2_15,115
constituency_10_20_1,0
constituency_10_20_2,27474
constituency_10_20_3,7771
constituency_10_20_4,4139
constituency_10_20_5,1483
constituency_10_20_6,1229
constituency_10_20_7,1221
constituency_10_20_8,1135
constituency_10_20_9,1018
constituency_10_20_10,0
constituency_10_20_11,308
constituency_10_20_12,0
constituency_10_20_13,207
constituency_10_20_14,81935
constituency_10_21_1,1296
constituency_10_21_2,201
constituency_10_21_3,636
constituency_10_21_4,10553
constituency_10_21_5,297
constituency_10_21_6,1199
constituency_10_21_7,6039
constituency_10_21_8,45951
constituency_10_21_9,0
constituency_10_21_10,1153
constituency_10_21_11,827
constituency_10_21_12,267
constituency_10_21_13,217
constituency_10_21_14,21155
constituency_10_21_15,494
constituency_10_22_1,47264
constituency_10_22_2,17486
constituency_10_22_3,9244
constituency_10_22_4,7036
constituency_10_22_5,2983
constituency_10_22_6,1705
constituency_10_22_7,1491
constituency_10_22_8,1130
constituency_10_22_9,765
constituency_10_22_10,368
constituency_10_22_11,253
constituency_10_22_12,205
constituency_10_22_13,182
constituency_10_22_14,85558
constituency_10_23_1,46782
constituency_10_23_2,17592
constituency_10_23_3,10876
constituency_10_23_4,9292
constituency_10_23_5,1896
constituency_10_23_6,0
constituency_10_23_7,1660
constituency_10_23_8,1004
constituency_10_23_9,755
constituency_10_23_10,563
constituency_10_23_11,464
constituency_10_23_12,325
constituency_10_23_13,319
constituency_10_23_14,0
constituency_10_23_15,290
constituency_10_23_16,203
constituency_10_23_17,201
constituency_10_23_18,184
constituency_10_24_1,46415
constituency_10_24_2,15300
constituency_10_24_3,13371
constituency_10_24_4,6401
constituency_10_24_5,2509
constituency_10_24_6,1758
constituency_10_24_7,1001
constituency_10_24_8,819
constituency_10_24_9,514
constituency_10_24_10,492
constituency_10_24_11,285
constituency_10_24_12,280
constituency_10_24_13,211
constituency_10_25_1,37035
constituency_10_25_2,21904
constituency_10_25_3,10493
constituency_10_25_4,7071
constituency_10_25_5,2493
constituency_10_25_6,1335
constituency_10_25_7,980
constituency_10_25_8,688
constituency_10_25_9,581
constituency_10_25_10,424
constituency_10_25_11,357
constituency_10_25_12,0
constituency_10_25_13,179
constituency_10_25_14,165
constituency_10_26_1,44271
constituency_10_26_2,16727
constituency_10_26_3,11584
constituency_10_26_4,8425
constituency_10_26_5,2506
constituency_10_26_6,1562
constituency_10_26_7,1422
constituency_10_26_8,1359
constituency_10_26_9,810
constituency_10_26_10,486
constituency_10_26_11,421
constituency_10_26_12,0
constituency_10_26_13,222
constituency_10_26_14,118
constituency_10_27_1,43046
constituency_10_27_2,26986
constituency_10_27_3,7490
constituency_10_27_4,6640
constituency_10_27_5,2202
constituency_10_27_6,1422
constituency_10_27_7,706
constituency_10_27_8,524
constituency_10_27_9,493
constituency_10_27_10,384
constituency_10_27_11,317
constituency_10_27_12,171
constituency_10_28_1,47692
constituency_10_28_2,13153
constituency_10_28_3,12310
constituency_10_28_4,7586
constituency_10_28_5,2236
constituency_10_28_6,2071
constituency_10_28_7,1831
constituency_10_28_8,1609
constituency_10_28_9,1033
constituency_10_28_10,870
constituency_10_28_11,688
constituency_10_28_12,299
constituency_10_28_13,182
constituency_10_29_1,46402
constituency_10_29_2,16836
constituency_10_29_3,13062
constituency_10_29_4,8987
constituency_10_29_5,3379
constituency_10_29_6,2211
constituency_10_29_7,1757
constituency_10_29_8,865
constituency_10_29_9,548
constituency_10_29_10,532
constituency_10_29_11,373
constituency_10_29_12,370
constituency_10_29_13,338
constituency_10_29_14,287
constituency_10_29_15,162
constituency_10_29_16,139
constituency_10_3_1,34657
constituency_10_3_2,19167
constituency_10_3_3,10331
constituency_10_3_4,6665
constituency_10_3_5,1431
constituency_10_3_6,1308
constituency_10_3_7,665
constituency_10_3_8,571
constituency_10_3_9,549
constituency_10_3_10,375
constituency_10_3_11,285
constituency_10_3_12,0
constituency_10_3_13,156
constituency_10_3_14,0
constituency_10_30_1,45992
constituency_10_30_2,14293
constituency_10_30_3,11593
constituency_10_30_4,8033
constituency_10_30_5,2513
constituency_10_30_6,2341
constituency_10_30_7,1271
constituency_10_30_8,1258
constituency_10_30_9,1072
constituency_10_30_10,687
constituency_10_30_11,630
constituency_10_30_12,456
constituency_10_30_13,441
constituency_10_30_14,417
constituency_10_30_15,389
constituency_10_30_16,388
constituency_10_30_17,334
constituency_10_30_18,285
constituency_10_30_19,140
constituency_10_31_1,435
constituency_10_31_2,15126
constituency_10_31_3,727
constituency_10_31_4,605
constituency_10_31_5,0
constituency_10_31_6,0
constituency_10_31_7,14455
constituency_10_31_8,0
constituency_10_31_9,1888
constituency_10_31_10,2889
constituency_10_31_11,485
constituency_10_31_12,1147
constituency_10_31_13,0
constituency_10_31_14,13012
constituency_10_31_15,561
constituency_10_31_16,0
constituency_10_32_1,39727
constituency_10_32_2,13302
constituency_10_32_3,11553
constituency_10_32_4,10257
constituency_10_32_5,3024
constituency_10_32_6,1429
constituency_10_32_7,897
constituency_10_32_8,873
constituency_10_32_9,775
constituency_10_32_10,700
constituency_10_32_11,681
constituency_10_32_12,559
constituency_10_32_13,551
constituency_10_32_14,497
constituency_10_32_15,435
constituency_10_32_16,351
constituency_10_33_1,44860
constituency_10_33_2,16359
constituency_10_33_3,15046
constituency_10_33_4,7451
constituency_10_33_5,2503
constituency_10_33_6,2260
constituency_10_33_7,1541
constituency_10_33_8,1506
constituency_10_33_9,768
constituency_10_33_10,626
constituency_10_33_11,404
constituency_10_33_12,0
constituency_10_33_13,288
constituency_10_33_14,199
constituency_10_4_1,34405
constituency_10_4_2,23594
constituency_10_4_3,10778
constituency_10_4_4,4343
constituency_10_4_5,1050
constituency_10_4_6,857
constituency_10_4_7,739
constituency_10_4_8,708
constituency_10_4_9,418
constituency_10_4_10,364
constituency_10_4_11,337
constituency_10_4_12,265
constituency_10_4_13,124
constituency_10_5_1,0
constituency_10_5_2,22252
constituency_10_5_3,10035
constituency_10_5_4,6474
constituency_10_5_5,1741
constituency_10_5_6,1056
constituency_10_5_7,987
constituency_10_5_8,526
constituency_10_5_9,0
constituency_10_5_10,509
constituency_10_5_11,0
constituency_10_5_12,0
constituency_10_5_13,231
constituency_10_5_14,220
constituency_10_5_15,0
constituency_10_5_16,112
constituency_10_6_1,43239
constituency_10_6_2,12848
constituency_10_6_3,12088
constituency_10_6_4,10856
constituency_10_6_5,6380
constituency_10_6_6,2468
constituency_10_6_7,1388
constituency_10_6_8,1306
constituency_10_6_9,0
constituency_10_6_10,764
constituency_10_6_11,317
constituency_10_6_12,0
constituency_10_6_13,247
constituency_10_6_14,186
constituency_10_6_15,127
constituency_10_6_16,94391
constituency_10_7_1,40962
constituency_10_7_2,12037
constituency_10_7_3,11163
constituency_10_7_4,8012
constituency_10_7_5,6236
constituency_10_7_6,2062
constituency_10_7_7,1406
constituency_10_7_8,863
constituency_10_7_9,700
constituency_10_7_10,594
constituency_10_7_11,323
constituency_10_7_12,288
constituency_10_7_13,85181
constituency_10_8_1,45092
constituency_10_8_2,15868
constituency_10_8_3,14632
constituency_10_8_4,11399
constituency_10_8_5,2266
constituency_10_8_6,1469
constituency_10_8_7,1352
constituency_10_8_8,865
constituency_10_8_9,864
constituency_10_8_10,857
constituency_10_8_11,607
constituency_10_8_12,462
constituency_10_8_13,385
constituency_10_8_14,224
constituency_10_8_15,210
constituency_10_8_16,203
constituency_10_9_1,11282
constituency_10_9_2,904
constituency_10_9_3,583
constituency_10_9_4,440
constituency_10_9_5,49366
constituency_10_9_6,17059
constituency_10_9_7,615
constituency_10_9_8,9827
constituency_10_9_9,3308
constituency_10_9_10,334
constituency_10_9_11,666
constituency_10_9_12,192
constituency_10_9_13,281
constituency_10_9_14,254
constituency_11_1_1,43463
constituency_11_1_2,24150
constituency_11_1_3,12409
constituency_11_1_4,3159
constituency_11_1_5,2066
constituency_11_1_6,1065
constituency_11_1_7,805
constituency_11_1_8,762
constituency_11_2_1,40979
constituency_11_2_2,29448
constituency_11_2_3,7905
constituency_11_2_4,2957
constituency_11_2_5,2506
constituency_11_2_6,2135
constituency_11_2_7,793
constituency_11_2_8,730
constituency_11_2_9,668
constituency_11_2_10,559
constituency_11_2_11,455
constituency_11_3_1,45335
constituency_11_3_2,13276
constituency_11_3_3,11651
constituency_11_3_4,11151
constituency_11_3_5,1755
constituency_11_3_6,1328
constituency_11_3_7,870
constituency_11_3_8,849
constituency_11_3_9,708
constituency_11_3_10,88488
constituency_11_4_1,48876
constituency_11_4_2,15476
constituency_11_4_3,15300
constituency_11_4_4,5904
constituency_11_4_5,1977
constituency_11_4_6,1102
constituency_11_4_7,706
constituency_11_4_8,686
constituency_11_4_9,461
constituency_11_4_10,415
constituency_11_4_11,92620
constituency_11_5_1,57198
constituency_11_5_2,15146
constituency_11_5_3,12323
constituency_11_5_4,4717
constituency_11_5_5,2410
constituency_11_5_6,2237
constituency_11_5_7,1789
constituency_11_5_8,1342
constituency_11_5_9,1306
constituency_11_5_10,981
constituency_11_5_11,796
constituency_11_6_1,35571
constituency_11_6_2,33018
constituency_11_6_3,8020
constituency_11_6_4,2246
constituency_11_6_5,1932
constituency_11_6_6,1289
constituency_11_6_7,889
constituency_11_6_8,707
constituency_11_6_9,556
constituency_11_6_10,286
constituency_11_7_1,46394
constituency_11_7_2,28922
constituency_11_7_3,15568
constituency_11_7_4,2645
constituency_11_7_5,1780
constituency_11_7_6,796
constituency_11_7_7,714
constituency_11_7_8,495
constituency_11_7_9,377
constituency_11_8_1,40230
constituency_11_8_2,27991
constituency_11_8_3,16768
constituency_11_8_4,7684
constituency_11_8_5,3068
constituency_11_8_6,2464
constituency_11_8_7,2271
constituency_11_8_8,1118
constituency_11_8_9,765
constituency_11_8_10,682
constituency_12_1_1,42123
constituency_12_1_2,19861
constituency_12_1_3,9587
constituency_12_1_4,8706
constituency_12_1_5,6573
constituency_12_1_6,2230
constituency_12_1_7,2034
constituency_12_1_8,1184
constituency_12_1_9,791
constituency_12_1_10,403
constituency_12_1_11,391
constituency_12_2_1,38013
constituency_12_2_2,20126
constituency_12_2_3,10753
constituency_12_2_4,5756
constituency_12_2_5,1667
constituency_12_2_6,1247
constituency_12_2_7,1047
constituency_12_2_8,906
constituency_12_2_9,0
constituency_12_2_10,518
constituency_12_2_11,386
constituency_12_2_12,201
constituency_12_3_1,47405
constituency_12_3_2,17748
constituency_12_3_3,15854
constituency_12_3_4,7291
constituency_12_3_5,2207
constituency_12_3_6,1873
constituency_12_3_7,1160
constituency_12_3_8,957
constituency_12_3_9,778
constituency_12_3_10,774
constituency_12_3_11,474
constituency_12_4_1,33461
constituency_12_4_2,27997
constituency_12_4_3,14692
constituency_12_4_4,4054
constituency_12_4_5,1501
constituency_12_4_6,1279
constituency_12_4_7,868
constituency_12_4_8,646
constituency_12_4_9,359
constituency_12_4_10,0
constituency_12_5_1,41888
constituency_12_5_2,31985
constituency_12_5_3,8802
constituency_12_5_4,5854
constituency_12_5_5,2424
constituency_12_5_6,1689
constituency_12_5_7,1237
constituency_12_5_8,520
constituency_12_5_9,201
constituency_12_5_10,96107
constituency_12_6_1,44405
constituency_12_6_2,25218
constituency_12_6_3,17968
constituency_12_6_4,6595
constituency_12_6_5,1741
constituency_12_6_6,1389
constituency_12_6_7,887
constituency_12_6_8,823
constituency_12_7_1,41267
constituency_12_7_2,18873
constituency_12_7_3,13141
constituency_12_7_4,9933
constituency_12_7_5,4932
constituency_12_7_6,2686
constituency_12_7_7,1006
constituency_12_7_8,472
constituency_12_7_9,93993
constituency_12_8_1,2172
constituency_12_8_2,9038
constituency_12_8_3,36631
constituency_12_8_4,5349
constituency_12_8_5,4255
constituency_12_8_6,969
constituency_12_8_7,26846
constituency_12_8_8,1957
constituency_12_8_9,852
constituency_12_8_10,331
constituency_12_8_11,460
constituency_13_1_1,32835
constituency_13_1_2,24558
constituency_13_1_3,24365
constituency_13_1_4,6562
constituency_13_1_5,3508
constituency_13_1_6,1586
constituency_13_1_7,1487
constituency_13_1_8,300
constituency_13_2_1,36340
constituency_13_2_2,0
constituency_13_2_3,23496
constituency_13_2_4,1651
constituency_13_2_5,0
constituency_13_2_6,1037
constituency_13_2_7,0
constituency_13_2_8,727
constituency_13_2_9,438
constituency_13_3_1,42004
constituency_13_3_2,22852
constituency_13_3_3,8637
constituency_13_3_4,3891
constituency_13_3_5,3108
constituency_13_3_6,1499
constituency_13_3_7,1155
constituency_13_3_8,1007
constituency_13_4_1,0
constituency_13_4_2,17512
constituency_13_4_3,15222
constituency_13_4_4,8216
constituency_13_4_5,3900
constituency_13_4_6,1495
constituency_13_4_7,1150
constituency_13_4_8,399
constituency_13_4_9,0
constituency_13_5_1,35383
constituency_13_5_2,12941
constituency_13_5_3,12043
constituency_13_5_4,10418
constituency_13_5_5,4424
constituency_13_5_6,2063
constituency_13_5_7,1559
constituency_13_5_8,1185
constituency_13_5_9,930
constituency_13_5_10,899
constituency_13_5_11,0
constituency_13_6_1,42684
constituency_13_6_2,10079
constituency_13_6_3,9739
constituency_13_6_4,8530
constituency_13_6_5,6809
constituency_13_6_6,2767
constituency_13_6_7,2017
constituency_13_6_8,689
constituency_13_6_9,564
constituency_13_6_10,504
constituency_13_7_1,46202
constituency_13_7_2,27814
constituency_13_7_3,5324
constituency_13_7_4,2488
constituency_13_7_5,1538
constituency_13_7_6,999
constituency_13_7_7,806
constituency_13_7_8,489
constituency_13_7_9,415
constituency_13_8_1,42730
constituency_13_8_2,1273
constituency_13_8_3,1978
constituency_13_8_4,10865
constituency_13_8_5,655
constituency_13_8_6,26551
constituency_13_8_7,628
constituency_13_8_8,663
constituency_14_1_1,46696
constituency_14_1_2,37335
constituency_14_1_3,5895
constituency_14_1_4,3557
constituency_14_1_5,1512
constituency_14_1_6,673
constituency_14_1_7,326
constituency_14_1_8,97550
constituency_14_2_1,53474
constituency_14_2_2,25836
constituency_14_2_3,9030
constituency_14_2_4,1953
constituency_14_2_5,1356
constituency_14_2_6,1144
constituency_14_2_7,699
constituency_14_2_8,662
constituency_14_2_9,244
constituency_14_2_10,0
constituency_14_2_11,0
constituency_14_2_12,0
constituency_14_2_13,0
constituency_14_2_14,0
constituency_14_2_15,0
constituency_14_2_16,0
constituency_14_2_17,0
constituency_14_3_1,2104
constituency_14_3_2,915
constituency_14_3_3,5768
constituency_14_3_4,31983
constituency_14_3_5,58072
constituency_14_3_6,1489
constituency_14_4_1,51469
constituency_14_4_2,31956
constituency_14_4_3,13512
constituency_14_4_4,5682
constituency_14_4_5,1547
constituency_14_4_6,1104
constituency_14_4_7,1034
constituency_14_4_8,609
constituency_14_5_1,46623
constituency_14_5_2,27374
constituency_14_5_3,21135
constituency_14_5_4,1048
constituency_14_5_5,905
constituency_14_5_6,795
constituency_14_5_7,503
constituency_15_1_1,56130
constituency_15_1_2,17910
constituency_15_1_3,4270
constituency_15_1_4,795
constituency_15_1_5,366
constituency_15_1_6,304
constituency_15_2_1,60611
constituency_15_2_2,13876
constituency_15_2_3,4149
constituency_15_2_4,1202
constituency_16_1_1,38126
constituency_16_1_2,25593
constituency_16_1_3,15617
constituency_16_1_4,9992
constituency_16_1_5,2172
constituency_16_1_6,1842
constituency_16_1_7,1666
constituency_16_1_8,1571
constituency_16_1_9,1498
constituency_16_1_10,1379
constituency_16_1_11,653
constituency_16_2_1,58141
constituency_16_2_2,24499
constituency_16_2_3,21604
constituency_16_2_4,1650
constituency_16_2_5,1216
constituency_16_2_6,962
constituency_16_2_7,833
constituency_16_2_8,823
constituency_16_2_9,317
constituency_16_3_1,49264
constituency_16_3_2,27504
constituency_16_3_3,15294
constituency_16_3_4,2527
constituency_16_3_5,1816
constituency_16_3_6,882
constituency_16_3_7,801
constituency_16_3_8,670
constituency_16_3_9,467
constituency_16_4_1,50031
constituency_16_4_2,33738
constituency_16_4_3,0
constituency_16_4_4,2318
constituency_16_4_5,18256
constituency_16_4_6,0
constituency_16_4_7,1279
constituency_16_4_8,222
constituency_17_1_1,65555
constituency_17_1_2,31864
constituency_17_1_3,13763
constituency_17_1_4,1523
constituency_17_1_5,1037
constituency_17_1_6,966
constituency_18_1_1,36058
constituency_18_1_2,28737
constituency_18_1_3,7271
constituency_18_1_4,6221
constituency_18_1_5,1284
constituency_18_1_6,1199
constituency_18_2_1,54585
constituency_18_2_2,16933
constituency_18_2_3,8937
constituency_18_2_4,2819
constituency_18_2_5,747
constituency_18_2_6,463
constituency_19_1_1,31958
constituency_19_1_2,31087
constituency_19_1_3,14572
constituency_19_1_4,2942
constituency_19_1_5,2737
constituency_19_1_6,1423
constituency_19_1_7,1156
constituency_19_1_8,1106
constituency_19_1_9,1072
constituency_19_2_1,37225
constituency_19_2_2,27805
constituency_19_2_3,0
constituency_19_2_4,0
constituency_19_2_5,1836
constituency_19_2_6,1782
constituency_19_2_7,1094
constituency_19_2_8,926
constituency_19_3_1,53967
constituency_19_3_2,28831
constituency_19_3_3,4647
constituency_19_3_4,1247
constituency_19_3_5,1230
constituency_19_3_6,643
constituency_19_3_7,515
constituency_19_3_8,371
constituency_19_4_1,48159
constituency_19_4_2,0
constituency_19_4_3,5163
constituency_19_4_4,3452
constituency_19_4_5,2402
constituency_19_4_6,1950
constituency_19_4_7,822
constituency_20_1_1,46253
constituency_20_1_2,0
constituency_20_1_3,42057
constituency_20_1_4,2435
constituency_20_1_5,1411
constituency_20_1_6,1311
constituency_20_1_7,673
constituency_20_1_8,327
constituency_20_1_9,183
constituency_20_10_1,27129
constituency_20_10_2,23571
constituency_20_10_3,23062
constituency_20_10_4,3326
constituency_20_10_5,1853
constituency_20_10_6,1324
constituency_20_10_7,0
constituency_20_10_8,0
constituency_20_10_9,0
constituency_20_10_10,0
constituency_20_2_1,30061
constituency_20_2_2,28820
constituency_20_2_3,14341
constituency_20_2_4,3085
constituency_20_2_5,1131
constituency_20_2_6,827
constituency_20_2_7,281
constituency_20_2_8,279
constituency_20_3_1,42501
constituency_20_3_2,37164
constituency_20_3_3,3641
constituency_20_3_4,2967
constituency_20_3_5,2055
constituency_20_3_6,1199
constituency_20_3_7,774
constituency_20_4_1,45751
constituency_20_4_2,24213
constituency_20_4_3,6426
constituency_20_4_4,2151
constituency_20_4_5,987
constituency_20_4_6,850
constituency_20_4_7,392
constituency_20_5_1,52767
constituency_20_5_2,24799
constituency_20_5_3,7729
constituency_20_5_4,3766
constituency_20_5_5,2846
constituency_20_5_6,917
constituency_20_5_7,855
constituency_20_5_8,803
constituency_20_5_9,660
constituency_20_5_10,372
constituency_20_6_1,41248
constituency_20_6_2,34860
constituency_20_6_3,3877
constituency_20_6_4,3241
constituency_20_6_5,0
constituency_20_6_6,1647
constituency_20_6_7,910
constituency_20_6_8,684
constituency_20_6_9,674
constituency_20_6_10,321
constituency_20_6_11,268
constituency_20_6_12,0
constituency_20_7_1,39986
constituency_20_7_2,31986
constituency_20_7_3,3003
constituency_20_7_4,2584
constituency_20_7_5,2100
constituency_20_7_6,1412
constituency_20_7_7,494
constituency_20_7_8,451
constituency_20_7_9,386
constituency_20_7_10,352
constituency_20_8_1,37623
constituency_20_8_2,34702
constituency_20_8_3,4471
constituency_20_8_4,3430
constituency_20_8_5,2046
constituency_20_8_6,1181
constituency_20_8_7,1086
constituency_20_8_8,1043
constituency_20_8_9,722
constituency_20_8_10,690
constituency_20_9_1,27602
constituency_20_9_2,23698
constituency_20_9_3,5600
constituency_20_9_4,2665
constituency_20_9_5,1157
constituency_20_9_6,940
constituency_20_9_7,407
constituency_20_9_8,340
constituency_21_1_1,36934
constituency_21_1_2,27277
constituency_21_1_3,15357
constituency_21_1_4,2917
constituency_21_1_5,1093
constituency_21_1_6,664
constituency_21_1_7,428
constituency_21_1_8,421
constituency_21_2_1,33687
constituency_21_2_2,26878
constituency_21_2_3,4268
constituency_21_2_4,1981
constituency_21_2_5,1737
constituency_21_3_1,26873
constituency_21_3_2,24801
constituency_21_3_3,15572
constituency_21_3_4,5580
constituency_21_3_5,2454
constituency_21_3_6,788
constituency_21_3_7,395
constituency_21_4_1,46134
constituency_21_4_2,32496
constituency_21_4_3,3744
constituency_21_4_4,3433
constituency_21_4_5,1036
constituency_21_4_6,366
constituency_21_4_7,317
constituency_21_5_1,37569
constituency_21_5_2,29469
constituency_21_5_3,6244
constituency_21_5_4,5120
constituency_21_5_5,1672
constituency_21_5_6,1215
constituency_22_1_1,32984
constituency_22_1_2,29390
constituency_22_1_3,23506
constituency_22_1_4,6271
constituency_22_1_5,3460
constituency_22_1_6,2115
constituency_22_1_7,1736
constituency_22_1_8,1133
constituency_22_1_9,271
constituency_22_2_1,39979
constituency_22_2_2,0
constituency_22_2_3,9940
constituency_22_2_4,6708
constituency_22_2_5,4672
constituency_22_2_6,1042
constituency_22_3_1,31798
constituency_22_3_2,26664
constituency_22_3_3,20697
constituency_22_3_4,4138
constituency_22_3_5,2924
constituency_22_3_6,2830
constituency_22_3_7,1030
constituency_22_3_8,856
constituency_22_3_9,239
constituency_23_1_1,66399
constituency_23_1_2,27911
constituency_23_1_3,7665
constituency_23_1_4,4716
constituency_23_1_5,4084
constituency_23_1_6,3857
constituency_23_1_7,944
constituency_24_1_1,38717
constituency_24_1_2,0
constituency_24_1_3,13705
constituency_24_1_4,5677
constituency_24_1_5,1889
constituency_24_1_6,1127
constituency_24_2_1,1000
constituency_24_2_2,3019
constituency_24_2_3,32111
constituency_24_2_4,50833
constituency_24_2_5,20063
constituency_24_2_6,2802
constituency_24_3_1,52758
constituency_24_3_2,21616
constituency_24_3_3,14500
constituency_24_3_4,2303
constituency_24_3_5,1377
constituency_24_3_6,929
constituency_24_3_7,570
constituency_24_4_1,47969
constituency_24_4_2,35257
constituency_24_4_3,19940
constituency_24_4_4,4399
constituency_24_4_5,2574
constituency_24_4_6,1162
constituency_24_4_7,806
constituency_25_1_1,42309
constituency_25_1_2,28549
constituency_25_1_3,6144
constituency_25_1_4,2124
constituency_25_1_5,1661
constituency_25_1_6,1413
constituency_25_1_7,723
constituency_25_3_1,45193
constituency_25_3_2,24795
constituency_25_3_3,10575
constituency_25_3_4,2724
constituency_25_3_5,1060
constituency_26_1_1,33707
constituency_26_1_2,29822
constituency_26_1_3,11054
constituency_26_1_4,1290
constituency_26_1_5,908
constituency_26_2_1,34897
constituency_26_2_2,29375
constituency_26_2_3,0
constituency_26_2_4,1404
constituency_26_2_5,964
constituency_26_2_6,769
constituency_27_1_1,56083
constituency_27_1_2,19172
constituency_27_1_3,2999
constituency_27_1_4,2751
constituency_27_1_5,2661
constituency_27_1_6,2510
constituency_27_1_7,2489
constituency_27_1_8,731
constituency_27_1_9,217
constituency_27_2_1,60370
constituency_27_2_2,0
constituency_27_2_3,3362
constituency_27_2_4,2986
constituency_27_2_5,1835
constituency_27_2_6,1823
constituency_27_2_7,647
constituency_27_2_8,533
constituency_27_2_9,452
constituency_27_3_1,38812
constituency_27_3_2,32848
constituency_27_3_3,13842
constituency_27_3_4,2378
constituency_27_3_5,2324
constituency_27_3_6,1937
constituency_27_3_7,484
constituency_27_3_8,243
constituency_30_1_1,0
constituency_30_1_2,14417
constituency_30_1_3,3168
constituency_30_1_4,0
constituency_30_1_5,0
constituency_30_1_6,0
constituency_30_1_7,32534
constituency_30_1_8,0
constituency_30_1_9,0
constituency_30_1_10,0
constituency_30_1_11,23435
constituency_30_1_12,0
constituency_30_1_13,0
constituency_30_10_1,0
constituency_30_10_2,0
constituency_30_10_3,0
constituency_30_10_4,0
constituency_30_10_5,0
constituency_30_10_6,0
constituency_30_10_7,0
constituency_30_10_8,0
constituency_30_11_1,53069
constituency_30_11_2,15952
constituency_30_11_3,7697
constituency_30_11_4,3168
constituency_30_11_5,2708
constituency_30_11_6,1260
constituency_30_11_7,560
constituency_30_11_8,470
constituency_30_11_9,132
constituency_30_12_1,47794
constituency_30_12_2,16493
constituency_30_12_3,16493
constituency_30_12_4,1288
constituency_30_12_5,1229
constituency_30_12_6,830
constituency_30_12_7,273
constituency_30_12_8,86006
constituency_30_13_1,28157
constituency_30_13_2,25404
constituency_30_13_3,5887
constituency_30_13_4,3028
constituency_30_13_5,1944
constituency_30_13_6,1775
constituency_30_13_7,310
constituency_30_13_8,0
constituency_30_14_1,0
constituency_30_14_2,28220
constituency_30_14_3,9673
constituency_30_14_4,2150
constituency_30_14_5,2079
constituency_30_14_6,2064
constituency_30_15_1,37242
constituency_30_15_2,26946
constituency_30_15_3,15641
constituency_30_15_4,0
constituency_30_15_5,1283
constituency_30_15_6,549
constituency_30_15_7,491
constituency_30_15_8,286
constituency_30_15_9,126
constituency_30_16_1,32139
constituency_30_16_2,31496
constituency_30_16_3,14870
constituency_30_16_4,1215
constituency_30_16_5,1095
constituency_30_16_6,982
constituency_30_16_7,586
constituency_30_16_8,435
constituency_30_16_9,265
constituency_30_16_10,83999
constituency_30_2_1,39980
constituency_30_2_2,39142
constituency_30_2_3,9871
constituency_30_2_4,3023
constituency_30_2_5,1432
constituency_30_2_6,1195
constituency_30_2_7,668
constituency_30_2_8,652
constituency_30_2_9,412
constituency_30_2_10,335
constituency_30_3_1,37699
constituency_30_3_2,37400
constituency_30_3_3,7864
constituency_30_3_4,3174
constituency_30_3_5,2153
constituency_30_3_6,1992
constituency_30_3_7,1166
constituency_30_3_8,812
constituency_30_3_9,362
constituency_30_4_1,34719
constituency_30_4_2,26339
constituency_30_4_3,15649
constituency_30_4_4,1605
constituency_30_4_5,1551
constituency_30_4_6,1550
constituency_30_4_7,1271
constituency_30_4_8,745
constituency_30_4_9,691
constituency_30_4_10,182
constituency_30_5_1,38845
constituency_30_5_2,30864
constituency_30_5_3,13546
constituency_30_5_4,0
constituency_30_5_5,1490
constituency_30_5_6,1171
constituency_30_5_7,595
constituency_30_5_8,302
constituency_30_5_9,0
constituency_30_6_1,27973
constituency_30_6_2,19113
constituency_30_6_3,17378
constituency_30_6_4,11687
constituency_30_6_5,2065
constituency_30_6_6,888
constituency_30_6_7,737
constituency_30_6_8,629
constituency_30_6_9,456
constituency_30_6_10,439
constituency_30_6_11,366
constituency_30_6_12,80
constituency_30_7_1,40228
constituency_30_7_2,21229
constituency_30_7_3,12032
constituency_30_7_4,1483
constituency_30_7_5,897
constituency_30_7_6,417
constituency_30_7_7,387
constituency_30_7_8,208
constituency_30_7_9,77
constituency_30_8_1,51840
constituency_30_8_2,14747
constituency_30_8_3,10250
constituency_30_8_4,1490
constituency_30_8_5,1194
constituency_30_9_1,41235
constituency_30_9_2,24623
constituency_30_9_3,14731
constituency_30_9_4,4320
constituency_30_9_5,1150
constituency_30_9_6,617
constituency_30_9_7,550
constituency_30_9_8,258
constituency_30_9_9,151
constituency_31_1_1,57074
constituency_31_1_2,14995
constituency_31_1_3,3301
constituency_31_1_4,1052
constituency_31_1_5,754
constituency_31_1_6,722
constituency_31_1_7,501
constituency_31_1_8,490
constituency_31_10_1,52091
constituency_31_10_2,9229
constituency_31_10_3,4221
constituency_31_10_4,1489
constituency_31_10_5,852
constituency_31_10_6,485
constituency_31_10_7,469
constituency_31_10_8,226
constituency_31_10_9,114
constituency_31_2_1,56479
constituency_31_2_2,11395
constituency_31_2_3,3555
constituency_31_2_4,1043
constituency_31_2_5,691
constituency_31_2_6,653
constituency_31_2_7,549
constituency_31_2_8,491
constituency_31_2_9,199
constituency_31_3_1,56210
constituency_31_3_2,10630
constituency_31_3_3,3054
constituency_31_3_4,725
constituency_31_3_5,507
constituency_31_3_6,459
constituency_31_3_7,295
constituency_31_3_8,295
constituency_31_4_1,51536
constituency_31_4_2,0
constituency_31_4_3,3699
constituency_31_4_4,846
constituency_31_4_5,683
constituency_31_4_6,678
constituency_31_4_7,336
constituency_31_5_1,53732
constituency_31_5_2,10694
constituency_31_5_3,7914
constituency_31_5_4,1238
constituency_31_5_5,1052
constituency_31_5_6,807
constituency_31_5_7,714
constituency_31_5_8,305
constituency_31_5_9,194
constituency_31_6_1,51553
constituency_31_6_2,11551
constituency_31_6_3,5419
constituency_31_6_4,1239
constituency_31_6_5,1211
constituency_31_6_6,851
constituency_31_6_7,682
constituency_31_6_8,462
constituency_31_6_9,433
constituency_31_6_10,237
constituency_31_7_1,45919
constituency_31_7_2,13982
constituency_31_7_3,11091
constituency_31_7_4,880
constituency_31_7_5,734
constituency_31_7_6,621
constituency_31_7_7,522
constituency_31_7_8,406
constituency_31_7_9,382
constituency_31_8_1,53217
constituency_31_8_2,15367
constituency_31_8_3,4664
constituency_31_8_4,1396
constituency_31_8_5,1050
constituency_31_8_6,742
constituency_31_8_7,647
constituency_31_8_8,584
constituency_31_8_9,484
constituency_31_8_10,277
constituency_31_9_1,1393
constituency_31_9_2,491
constituency_31_9_3,152
constituency_31_9_4,513
constituency_31_9_5,57197
constituency_31_9_6,4068
constituency_31_9_7,299
constituency_31_9_8,8695
constituency_31_9_9,887
constituency_32_1_1,46167
constituency_32_1_2,0
constituency_32_1_3,9423
constituency_32_1_4,0
constituency_32_1_5,1813
constituency_32_1_6,1312
constituency_32_1_7,984
constituency_32_1_8,650
constituency_32_2_1,53228
constituency_32_2_2,17069
constituency_32_2_3,14307
constituency_32_2_4,1114
constituency_32_2_5,1064
constituency_32_2_6,970
constituency_32_2_7,613
constituency_32_2_8,474
constituency_32_2_9,463
constituency_32_2_10,131
constituency_32_3_1,50333
constituency_32_3_2,14826
constituency_32_3_3,10467
constituency_32_3_4,1002
constituency_32_3_5,993
constituency_32_3_6,971
constituency_32_3_7,413
constituency_32_3_8,326
constituency_32_3_9,308
constituency_32_4_1,44913
constituency_32_4_2,14672
constituency_32_4_3,14535
constituency_32_4_4,1877
constituency_32_4_5,1113
constituency_32_4_6,913
constituency_32_4_7,740
constituency_32_4_8,588
constituency_32_4_9,407
constituency_32_4_10,399
constituency_32_4_11,368
constituency_32_5_1,41671
constituency_32_5_2,17798
constituency_32_5_3,11277
constituency_32_5_4,6095
constituency_32_5_5,828
constituency_32_5_6,476
constituency_32_5_7,302
constituency_32_5_8,290
constituency_32_5_9,288
constituency_32_5_10,246
constituency_32_5_11,173
constituency_32_6_1,52005
constituency_32_6_2,10955
constituency_32_6_3,9122
constituency_32_6_4,1211
constituency_32_6_5,1024
constituency_32_6_6,791
constituency_32_6_7,739
constituency_32_6_8,479
constituency_32_6_9,224
constituency_32_7_1,43239
constituency_32_7_2,24474
constituency_32_7_3,13352
constituency_32_7_4,1844
constituency_32_7_5,768
constituency_32_7_6,735
constituency_32_7_7,428
constituency_32_8_1,52673
constituency_32_8_2,15302
constituency_32_8_3,5899
constituency_32_8_4,2794
constituency_32_8_5,1007
constituency_32_8_6,521
constituency_32_8_7,408
constituency_32_8_8,315
constituency_33_1_1,53220
constituency_33_1_2,25401
constituency_33_1_3,13456
constituency_33_1_4,0
constituency_33_1_5,868
constituency_33_1_6,460
constituency_33_1_7,394
constituency_33_1_8,222
constituency_33_1_9,207
constituency_33_2_1,35712
constituency_33_2_2,30103
constituency_33_2_3,10448
constituency_33_2_4,1392
constituency_33_2_5,1166
constituency_33_2_6,868
constituency_33_2_7,310
constituency_33_2_8,287
constituency_33_2_9,201
constituency_33_2_10,153
constituency_33_2_11,81
constituency_33_3_1,51942
constituency_33_3_2,0
constituency_33_3_3,8230
constituency_33_3_4,2931
constituency_33_3_5,1611
constituency_33_3_6,1059
constituency_33_3_7,341
constituency_33_3_8,0
constituency_33_3_9,122
constituency_33_3_10,0
constituency_33_4_1,43534
constituency_33_4_2,20190
constituency_33_4_3,8100
constituency_33_4_4,3428
constituency_33_4_5,969
constituency_33_4_6,789
constituency_33_4_7,0
constituency_33_4_8,372
constituency_33_4_9,293
constituency_33_4_10,93
constituency_33_5_1,39108
constituency_33_5_2,25755
constituency_33_5_3,11077
constituency_33_5_4,1091
constituency_33_5_5,887
constituency_33_5_6,652
constituency_33_5_7,619
constituency_33_5_8,395
constituency_33_5_9,87
constituency_33_6_1,31345
constituency_33_6_2,31072
constituency_33_6_3,13132
constituency_33_6_4,1724
constituency_33_6_5,502
constituency_33_6_6,438
constituency_33_6_7,435
constituency_33_6_8,415
constituency_33_7_1,36190
constituency_33_7_2,31642
constituency_33_7_3,9181
constituency_33_7_4,544
constituency_33_7_5,441
constituency_33_7_6,263
constituency_33_7_7,278
constituency_33_7_8,92
constituency_33_8_1,12260
constituency_33_8_2,59873
constituency_33_8_3,503
constituency_33_8_4,10201
constituency_33_8_5,334
constituency_33_8_6,146
constituency_33_8_7,435
constituency_33_8_8,415
constituency_33_9_1,39667
constituency_33_9_2,14525
constituency_33_9_3,12281
constituency_33_9_4,1069
constituency_33_9_5,0
constituency_33_9_6,555
constituency_33_9_7,368
constituency_33_9_8,359
constituency_33_9_9,214
constituency_33_9_10,137
constituency_34_1_1,32328
constituency_34_1_2,27314
constituency_34_1_3,9184
constituency_34_1_4,7869
constituency_34_1_5,7327
constituency_34_1_6,2283
constituency_34_1_7,1098
constituency_34_1_8,588
constituency_34_10_1,66909
constituency_34_10_2,7494
constituency_34_10_3,6973
constituency_34_10_4,3026
constituency_34_10_5,612
constituency_34_10_6,542
constituency_34_11_1,58379
constituency_34_11_2,11868
constituency_34_11_3,4521
constituency_34_11_4,2690
constituency_34_11_5,1047
constituency_34_11_6,781
constituency_34_11_7,746
party_list_10_1_1,0
party_list_10_1_2,0
party_list_10_1_3,0
party_list_10_1_4,0
party_list_10_1_5,0
party_list_10_1_6,0
party_list_10_1_7,0
party_list_10_1_8,0
party_list_10_1_9,0
party_list_10_1_10,0
party_list_10_1_11,0
party_list_10_1_12,0
party_list_10_1_13,0
party_list_10_1_14,0
party_list_10_1_15,0
party_list_10_1_16,0
party_list_10_1_17,0
party_list_10_1_18,0
party_list_10_1_19,0
party_list_10_1_20,0
party_list_10_1_21,0
party_list_10_1_22,0
party_list_10_1_23,0
party_list_10_1_24,0
party_list_10_1_25,0
party_list_10_1_26,0
party_list_10_1_27,0
party_list_10_1_28,0
party_list_10_1_29,0
party_list_10_1_30,0
party_list_10_1_31,0
party_list_10_1_32,0
party_list_10_1_33,0
party_list_10_1_34,0
party_list_10_1_35,0
party_list_10_1_36,0
party_list_10_1_37,0
party_list_10_1_38,0
party_list_10_1_39,0
party_list_10_1_40,0
party_list_10_1_41,0
party_list_10_1_42,0
party_list_10_1_43,0
party_list_10_1_44,0
party_list_10_1_45,0
party_list_10_1_46,0
party_list_10_1_47,0
party_list_10_1_48,0
party_list_10_1_49,0
party_list_10_1_50,0
party_list_10_1_51,0
party_list_10_1_52,0
party_list_10_1_53,0
party_list_10_1_54,0
party_list_10_1_55,0
party_list_10_1_56,0
party_list_10_1_57,0
party_list_10_10_1,0
party_list_10_10_2,0
party_list_10_10_3,0
party_list_10_10_4,0
party_list_10_10_5,0
party_list_10_10_6,0
party_list_10_10_7,0
party_list_10_10_8,0
party_list_10_10_9,0
party_list_10_10_10,0
party_list_10_10_11,0
party_list_10_10_12,0
party_list_10_10_13,0
party_list_10_10_14,0
party_list_10_10_15,0
party_list_10_10_16,0
party_list_10_10_17,0
party_list_10_10_18,0
party_list_10_10_19,0
party_list_10_10_20,0
party_list_10_10_21,0
party_list_10_10_22,0
party_list_10_10_23,0
party_list_10_10_24,0
party_list_10_10_25,0
party_list_10_10_26,0
party_list_10_10_27,0
party_list_10_10_28,0
party_list_10_10_29,0
party_list_10_10_30,0
party_list_10_10_31,0
party_list_10_10_32,0
party_list_10_10_33,0
party_list_10_10_34,0
party_list_10_10_35,0
party_list_10_10_36,0
party_list_10_10_37,0
party_list_10_10_38,0
party_list_10_10_39,0
party_list_10_10_40,0
party_list_10_10_41,0
party_list_10_10_42,0
party_list_10_10_43,0
party_list_10_10_44,0
party_list_10_10_45,0
party_list_10_10_46,0
party_list_10_10_47,0
party_list_10_10_48,0
party_list_10_10_49,0
party_list_10_10_50,0
party_list_10_10_51,0
party_list_10_10_52,0
party_list_10_10_53,0
party_list_10_10_54,0
party_list_10_10_55,0
party_list_10_10_56,0
party_list_10_10_57,0
party_list_10_11_1,28
party_list_10_11_2,251
party_list_10_11_3,42
party_list_10_11_4,35
party_list_10_11_5,139
party_list_10_11_6,2061
party_list_10_11_7,581
party_list_10_11_8,192
party_list_10_11_9,14904
party_list_10_11_10,438
party_list_10_11_11,2139
party_list_10_11_12,452
party_list_10_11_13,493
party_list_10_11_14,40
party_list_10_11_15,228
party_list_10_11_16,98
party_list_10_11_17,46
party_list_10_11_18,9
party_list_10_11_19,28
party_list_10_11_20,22
party_list_10_11_21,0
party_list_10_11_22,0
party_list_10_11_23,0
party_list_10_11_24,0
party_list_10_11_25,0
party_list_10_11_26,0
party_list_10_11_27,0
party_list_10_11_28,0
party_list_10_11_29,0
party_list_10_11_30,0
party_list_10_11_31,0
party_list_10_11_32,0
party_list_10_11_33,0
party_list_10_11_34,0
party_list_10_11_35,0
party_list_10_11_36,0
party_list_10_11_37,0
party_list_10_11_38,0
party_list_10_11_39,0
party_list_10_11_40,0
party_list_10_11_41,0
party_list_10_11_42,0
party_list_10_11_43,0
party_list_10_11_44,0
party_list_10_11_45,0
party_list_10_11_46,0
party_list_10_11_47,0
party_list_10_11_48,0
party_list_10_11_49,0
party_list_10_11_50,0
party_list_10_11_51,0
party_list_10_11_52,0
party_list_10_11_53,0
party_list_10_11_54,0
party_list_10_11_55,0
party_list_10_11_56,0
party_list_10_11_57,0
party_list_10_12_1,0
party_list_10_12_2,0
party_list_10_12_3,0
party_list_10_12_4,0
party_list_10_12_5,0
party_list_10_12_6,0
party_list_10_12_7,0
party_list_10_12_8,0
party_list_10_12_9,0
party_list_10_12_10,0
party_list_10_12_11,0
party_list_10_12_12,0
party_list_10_12_13,0
party_list_10_12_14,0
party_list_10_12_15,0
party_list_10_12_16,0
party_list_10_12_17,0
party_list_10_12_18,0
party_list_10_12_19,0
party_list_10_12_20,0
party_list_10_12_21,0
party_list_10_12_22,0
party_list_10_12_23,0
party_list_10_12_24,0
party_list_10_12_25,0
party_list_10_12_26,0
party_list_10_12_27,0
party_list_10_12_28,0
party_list_10_12_29,0
party_list_10_12_30,0
party_list_10_12_31,0
party_list_10_12_32,0
party_list_10_12_33,0
party_list_10_12_34,0
party_list_10_12_35,0
party_list_10_12_36,0
party_list_10_12_37,0
party_list_10_12_38,0
party_list_10_12_39,0
party_list_10_12_40,0
party_list_10_12_41,0
party_list_10_12_42,0
party_list_10_12_43,0
party_list_10_12_44,0
party_list_10_12_45,0
party_list_10_12_46,0
party_list_10_12_47,0
party_list_10_12_48,0
party_list_10_12_49,0
party_list_10_12_50,0
party_list_10_12_51,0
party_list_10_12_52,0
party_list_10_12_53,0
party_list_10_12_54,0
party_list_10_12_55,0
party_list_10_12_56,0
party_list_10_12_57,0
party_list_10_13_1,0
party_list_10_13_2,0
party_list_10_13_3,0
party_list_10_13_4,0
party_list_10_13_5,0
party_list_10_13_6,0
party_list_10_13_7,0
party_list_10_13_8,0
party_list_10_13_9,0
party_list_10_13_10,0
party_list_10_13_11,0
party_list_10_13_12,0
party_list_10_13_13,0
party_list_10_13_14,0
party_list_10_13_15,0
party_list_10_13_16,0
party_list_10_13_17,0
party_list_10_13_18,0
party_list_10_13_19,0
party_list_10_13_20,0
party_list_10_13_21,0
party_list_10_13_22,0
party_list_10_13_23,0
party_list_10_13_24,0
party_list_10_13_25,0
party_list_10_13_26,0
party_list_10_13_27,0
party_list_10_13_28,0
party_list_10_13_29,0
party_list_10_13_30,0
party_list_10_13_31,0
party_list_10_13_32,0
party_list_10_13_33,0
party_list_10_13_34,0
party_list_10_13_35,0
party_list_10_13_36,0
party_list_10_13_37,0
party_list_10_13_38,0
party_list_10_13_39,0
party_list_10_13_40,0
party_list_10_13_41,0
party_list_10_13_42,0
party_list_10_13_43,0
party_list_10_13_44,0
party_list_10_13_45,0
party_list_10_13_46,0
party_list_10_13_47,0
party_list_10_13_48,0
party_list_10_13_49,0
party_list_10_13_50,0
party_list_10_13_51,0
party_list_10_13_52,0
party_list_10_13_53,0
party_list_10_13_54,0
party_list_10_13_55,0
party_list_10_13_56,0
party_list_10_13_57,0
party_list_10_14_1,0
party_list_10_14_2,0
party_list_10_14_3,0
party_list_10_14_4,0
party_list_10_14_5,0
party_list_10_14_6,0
party_list_10_14_7,0
party_list_10_14_8,0
party_list_10_14_9,0
party_list_10_14_10,0
party_list_10_14_11,0
party_list_10_14_12,0
party_list_10_14_13,0
party_list_10_14_14,0
party_list_10_14_15,0
party_list_10_14_16,0
party_list_10_14_17,0
party_list_10_14_18,0
party_list_10_14_19,0
party_list_10_14_20,0
party_list_10_14_21,0
party_list_10_14_22,0
party_list_10_14_23,0
party_list_10_14_24,0
party_list_10_14_25,0
party_list_10_14_26,0
party_list_10_14_27,0
party_list_10_14_28,0
party_list_10_14_29,0
party_list_10_14_30,0
party_list_10_14_31,0
party_list_10_14_32,0
party_list_10_14_33,0
party_list_10_14_34,0
party_list_10_14_35,0
party_list_10_14_36,0
party_list_10_14_37,0
party_list_10_14_38,0
party_list_10_14_39,0
party_list_10_14_40,0
party_list_10_14_41,0
party_list_10_14_42,0
party_list_10_14_43,0
party_list_10_14_44,0
party_list_10_14_45,0
party_list_10_14_46,0
party_list_10_14_47,0
party_list_10_14_48,0
party_list_10_14_49,0
party_list_10_14_50,0
party_list_10_14_51,0
party_list_10_14_52,0
party_list_10_14_53,0
party_list_10_14_54,0
party_list_10_14_55,0
party_list_10_14_56,0
party_list_10_14_57,0
party_list_10_16_1,0
party_list_10_16_2,0
party_list_10_16_3,0
party_list_10_16_4,0
party_list_10_16_5,0
party_list_10_16_6,0
party_list_10_16_7,0
party_list_10_16_8,0
party_list_10_16_9,0
party_list_10_16_10,0
party_list_10_16_11,0
party_list_10_16_12,0
party_list_10_16_13,0
party_list_10_16_14,0
party_list_10_16_15,0
party_list_10_16_16,0
party_list_10_16_17,0
party_list_10_16_18,0
party_list_10_16_19,0
party_list_10_16_20,0
party_list_10_16_21,0
party_list_10_16_22,0
party_list_10_16_23,0
party_list_10_16_24,0
party_list_10_16_25,0
party_list_10_16_26,0
party_list_10_16_27,0
party_list_10_16_28,0
party_list_10_16_29,0
party_list_10_16_30,0
party_list_10_16_31,0
party_list_10_16_32,0
party_list_10_16_33,0
party_list_10_16_34,0
party_list_10_16_35,0
party_list_10_16_36,0
party_list_10_16_37,0
party_list_10_16_38,0
party_list_10_16_39,0
party_list_10_16_40,0
party_list_10_16_41,0
party_list_10_16_42,0
party_list_10_16_43,0
party_list_10_16_44,0
party_list_10_16_45,0
party_list_10_16_46,0
party_list_10_16_47,0
party_list_10_16_48,0
party_list_10_16_49,0
party_list_10_16_50,0
party_list_10_16_51,0
party_list_10_16_52,0
party_list_10_16_53,0
party_list_10_16_54,0
party_list_10_16_55,0
party_list_10_16_56,0
party_list_10_16_57,0
party_list_10_17_1,0
party_list_10_17_2,0
party_list_10_17_3,0
party_list_10_17_4,0
party_list_10_17_5,0
party_list_10_17_6,0
party_list_10_17_7,0
party_list_10_17_8,0
party_list_10_17_9,0
party_list_10_17_10,0
party_list_10_17_11,0
party_list_10_17_12,0
party_list_10_17_13,0
party_list_10_17_14,0
party_list_10_17_15,0
party_list_10_17_16,0
party_list_10_17_17,0
party_list_10_17_18,0
party_list_10_17_19,0
party_list_10_17_20,0
party_list_10_17_21,0
party_list_10_17_22,0
party_list_10_17_23,0
party_list_10_17_24,0
party_list_10_17_25,0
party_list_10_17_26,0
party_list_10_17_27,0
party_list_10_17_28,0
party_list_10_17_29,0
party_list_10_17_30,0
party_list_10_17_31,0
party_list_10_17_32,0
party_list_10_17_33,0
party_list_10_17_34,0
party_list_10_17_35,0
party_list_10_17_36,0
party_list_10_17_37,0
party_list_10_17_38,0
party_list_10_17_39,0
party_list_10_17_40,0
party_list_10_17_41,0
party_list_10_17_42,0
party_list_10_17_43,0
party_list_10_17_44,0
party_list_10_17_45,0
party_list_10_17_46,0
party_list_10_17_47,0
party_list_10_17_48,0
party_list_10_17_49,0
party_list_10_17_50,0
party_list_10_17_51,0
party_list_10_17_52,0
party_list_10_17_53,0
party_list_10_17_54,0
party_list_10_17_55,0
party_list_10_17_56,0
party_list_10_17_57,0
party_list_10_18_1,0
party_list_10_18_2,0
party_list_10_18_3,0
party_list_10_18_4,0
party_list_10_18_5,0
party_list_10_18_6,0
party_list_10_18_7,0
party_list_10_18_8,0
party_list_10_18_9,0
party_list_10_18_10,0
party_list_10_18_11,0
party_list_10_18_12,0
party_list_10_18_13,0
party_list_10_18_14,0
party_list_10_18_15,0
party_list_10_18_16,0
party_list_10_18_17,0
party_list_10_18_18,0
party_list_10_18_19,0
party_list_10_18_20,0
party_list_10_18_21,0
party_list_10_18_22,0
party_list_10_18_23,0
party_list_10_18_24,0
party_list_10_18_25,0
party_list_10_18_26,0
party_list_10_18_27,0
party_list_10_18_28,0
party_list_10_18_29,0
party_list_10_18_30,0
party_list_10_18_31,0
party_list_10_18_32,0
party_list_10_18_33,0
party_list_10_18_34,0
party_list_10_18_35,0
party_list_10_18_36,0
party_list_10_18_37,0
party_list_10_18_38,0
party_list_10_18_39,0
party_list_10_18_40,0
party_list_10_18_41,0
party_list_10_18_42,0
party_list_10_18_43,0
party_list_10_18_44,0
party_list_10_18_45,0
party_list_10_18_46,0
party_list_10_18_47,0
party_list_10_18_48,0
party_list_10_18_49,0
party_list_10_18_50,0
party_list_10_18_51,0
party_list_10_18_52,0
party_list_10_18_53,0
party_list_10_18_54,0
party_list_10_18_55,0
party_list_10_18_56,0
party_list_10_18_57,0
party_list_10_19_1,0
party_list_10_19_2,0
party_list_10_19_3,0
party_list_10_19_4,0
party_list_10_19_5,0
party_list_10_19_6,0
party_list_10_19_7,0
party_list_10_19_8,0
party_list_10_19_9,0
party_list_10_19_10,0
party_list_10_19_11,0
party_list_10_19_12,0
party_list_10_19_13,0
party_list_10_19_14,0
party_list_10_19_15,0
party_list_10_19_16,0
party_list_10_19_17,0
party_list_10_19_18,0
party_list_10_19_19,0
party_list_10_19_20,0
party_list_10_19_21,0
party_list_10_19_22,0
party_list_10_19_23,0
party_list_10_19_24,0
party_list_10_19_25,0
party_list_10_19_26,0
party_list_10_19_27,0
party_list_10_19_28,0
party_list_10_19_29,0
party_list_10_19_30,0
party_list_10_19_31,0
party_list_10_19_32,0
party_list_10_19_33,0
party_list_10_19_34,0
party_list_10_19_35,0
party_list_10_19_36,0
party_list_10_19_37,0
party_list_10_19_38,0
party_list_10_19_39,0
party_list_10_19_40,0
party_list_10_19_41,0
party_list_10_19_42,0
party_list_10_19_43,0
party_list_10_19_44,0
party_list_10_19_45,0
party_list_10_19_46,0
party_list_10_19_47,0
party_list_10_19_48,0
party_list_10_19_49,0
party_list_10_19_50,0
party_list_10_19_51,0
party_list_10_19_52,0
party_list_10_19_53,0
party_list_10_19_54,0
party_list_10_19_55,0
party_list_10_19_56,0
party_list_10_19_57,0
party_list_10_2_1,0
party_list_10_2_2,0
party_list_10_2_3,0
party_list_10_2_4,0
party_list_10_2_5,0
party_list_10_2_6,0
party_list_10_2_7,0
party_list_10_2_8,0
party_list_10_2_9,0
party_list_10_2_10,0
party_list_10_2_11,0
party_list_10_2_12,0
party_list_10_2_13,0
party_list_10_2_14,0
party_list_10_2_15,0
party_list_10_2_16,0
party_list_10_2_17,0
party_list_10_2_18,0
party_list_10_2_19,0
party_list_10_2_20,0
party_list_10_2_21,0
party_list_10_2_22,0
party_list_10_2_23,0
party_list_10_2_24,0
party_list_10_2_25,0
party_list_10_2_26,0
party_list_10_2_27,0
party_list_10_2_28,0
party_list_10_2_29,0
party_list_10_2_30,0
party_list_10_2_31,0
party_list_10_2_32,0
party_list_10_2_33,0
party_list_10_2_34,0
party_list_10_2_35,0
party_list_10_2_36,0
party_list_10_2_37,0
party_list_10_2_38,0
party_list_10_2_39,0
party_list_10_2_40,0
party_list_10_2_41,0
party_list_10_2_42,0
party_list_10_2_43,0
party_list_10_2_44,0
party_list_10_2_45,0
party_list_10_2_46,0
party_list_10_2_47,0
party_list_10_2_48,0
party_list_10_2_49,0
party_list_10_2_50,0
party_list_10_2_51,17
party_list_10_2_52,11
party_list_10_2_53,3
party_list_10_2_54,12
party_list_10_2_55,7
party_list_10_2_56,21
party_list_10_2_57,17
party_list_10_20_1,0
party_list_10_20_2,0
party_list_10_20_3,0
party_list_10_20_4,0
party_list_10_20_5,0
party_list_10_20_6,0
party_list_10_20_7,0
party_list_10_20_8,0
party_list_10_20_9,0
party_list_10_20_10,0
party_list_10_20_11,0
party_list_10_20_12,0
party_list_10_20_13,0
party_list_10_20_14,0
party_list_10_20_15,0
party_list_10_20_16,0
party_list_10_20_17,0
party_list_10_20_18,0
party_list_10_20_19,0
party_list_10_20_20,0
party_list_10_20_21,0
party_list_10_20_22,0
party_list_10_20_23,0
party_list_10_20_24,0
party_list_10_20_25,0
party_list_10_20_26,0
party_list_10_20_27,0
party_list_10_20_28,0
party_list_10_20_29,0
party_list_10_20_30,0
party_list_10_20_31,0
party_list_10_20_32,0
party_list_10_20_33,0
party_list_10_20_34,0
party_list_10_20_35,0
party_list_10_20_36,0
party_list_10_20_37,0
party_list_10_20_38,0
party_list_10_20_39,0
party_list_10_20_40,0
party_list_10_20_41,0
party_list_10_20_42,0
party_list_10_20_43,0
party_list_10_20_44,0
party_list_10_20_45,0
party_list_10_20_46,0
party_list_10_20_47,0
party_list_10_20_48,0
party_list_10_20_49,0
party_list_10_20_50,0
party_list_10_20_51,0
party_list_10_20_52,0
party_list_10_20_53,0
party_list_10_20_54,0
party_list_10_20_55,0
party_list_10_20_56,0
party_list_10_20_57,0
party_list_10_21_1,0
party_list_10_21_2,0
party_list_10_21_3,0
party_list_10_21_4,0
party_list_10_21_5,0
party_list_10_21_6,0
party_list_10_21_7,0
party_list_10_21_8,0
party_list_10_21_9,0
party_list_10_21_10,0
party_list_10_21_11,0
party_list_10_21_12,0
party_list_10_21_13,0
party_list_10_21_14,0
party_list_10_21_15,0
party_list_10_21_16,0
party_list_10_21_17,0
party_list_10_21_18,0
party_list_10_21_19,0
party_list_10_21_20,0
party_list_10_21_21,0
party_list_10_21_22,0
party_list_10_21_23,0
party_list_10_21_24,0
party_list_10_21_25,0
party_list_10_21_26,0
party_list_10_21_27,0
party_list_10_21_28,0
party_list_10_21_29,0
party_list_10_21_30,0
party_list_10_21_31,0
party_list_10_21_32,0
party_list_10_21_33,0
party_list_10_21_34,0
party_list_10_21_35,0
party_list_10_21_36,0
party_list_10_21_37,0
party_list_10_21_38,0
party_list_10_21_39,0
party_list_10_21_40,0
party_list_10_21_41,0
party_list_10_21_42,0
party_list_10_21_43,0
party_list_10_21_44,0
party_list_10_21_45,0
party_list_10_21_46,0
party_list_10_21_47,0
party_list_10_21_48,0
party_list_10_21_49,0
party_list_10_21_50,0
party_list_10_21_51,0
party_list_10_21_52,0
party_list_10_21_53,0
party_list_10_21_54,0
party_list_10_21_55,0
party_list_10_21_56,0
party_list_10_21_57,0
party_list_10_22_1,0
party_list_10_22_2,0
party_list_10_22_3,0
party_list_10_22_4,0
party_list_10_22_5,0
party_list_10_22_6,0
party_list_10_22_7,0
party_list_10_22_8,0
party_list_10_22_9,0
party_list_10_22_10,0
party_list_10_22_11,0
party_list_10_22_12,0
party_list_10_22_13,0
party_list_10_22_14,0
party_list_10_22_15,0
party_list_10_22_16,0
party_list_10_22_17,0
party_list_10_22_18,0
party_list_10_22_19,0
party_list_10_22_20,0
party_list_10_22_21,0
party_list_10_22_22,0
party_list_10_22_23,0
party_list_10_22_24,0
party_list_10_22_25,0
party_list_10_22_26,0
party_list_10_22_27,0
party_list_10_22_28,0
party_list_10_22_29,0
party_list_10_22_30,0
party_list_10_22_31,0
party_list_10_22_32,0
party_list_10_22_33,0
party_list_10_22_34,0
party_list_10_22_35,0
party_list_10_22_36,0
party_list_10_22_37,0
party_list_10_22_38,0
party_list_10_22_39,0
party_list_10_22_40,0
party_list_10_22_41,0
party_list_10_22_42,0
party_list_10_22_43,0
party_list_10_22_44,0
party_list_10_22_45,0
party_list_10_22_46,0
party_list_10_22_47,0
party_list_10_22_48,0
party_list_10_22_49,0
party_list_10_22_50,0
party_list_10_22_51,0
party_list_10_22_52,0
party_list_10_22_53,0
party_list_10_22_54,0
party_list_10_22_55,0
party_list_10_22_56,0
party_list_10_22_57,0
party_list_10_23_1,0
party_list_10_23_2,0
party_list_10_23_3,0
party_list_10_23_4,0
party_list_10_23_5,0
party_list_10_23_6,0
party_list_10_23_7,0
party_list_10_23_8,0
party_list_10_23_9,0
party_list_10_23_10,0
party_list_10_23_11,0
party_list_10_23_12,0
party_list_10_23_13,0
party_list_10_23_14,0
party_list_10_23_15,0
party_list_10_23_16,0
party_list_10_23_17,0
party_list_10_23_18,0
party_list_10_23_19,0
party_list_10_23_20,0
party_list_10_23_21,0
party_list_10_23_22,0
party_list_10_23_23,0
party_list_10_23_24,0
party_list_10_23_25,0
party_list_10_23_26,0
party_list_10_23_27,0
party_list_10_23_28,0
party_list_10_23_29,0
party_list_10_23_30,0
party_list_10_23_31,0
party_list_10_23_32,0
party_list_10_23_33,0
party_list_10_23_34,0
party_list_10_23_35,0
party_list_10_23_36,0
party_list_10_23_37,0
party_list_10_23_38,0
party_list_10_23_39,0
party_list_10_23_40,0
party_list_10_23_41,0
party_list_10_23_42,0
party_list_10_23_43,0
party_list_10_23_44,0
party_list_10_23_45,0
party_list_10_23_46,0
party_list_10_23_47,0
party_list_10_23_48,0
party_list_10_23_49,0
party_list_10_23_50,0
party_list_10_23_51,0
party_list_10_23_52,0
party_list_10_23_53,0
party_list_10_23_54,0
party_list_10_23_55,0
party_list_10_23_56,0
party_list_10_23_57,0
party_list_10_24_1,0
party_list_10_24_2,0
party_list_10_24_3,0
party_list_10_24_4,0
party_list_10_24_5,0
party_list_10_24_6,0
party_list_10_24_7,0
party_list_10_24_8,0
party_list_10_24_9,0
party_list_10_24_10,0
party_list_10_24_11,0
party_list_10_24_12,0
party_list_10_24_13,0
party_list_10_24_14,0
party_list_10_24_15,0
party_list_10_24_16,0
party_list_10_24_17,0
party_list_10_24_18,0
party_list_10_24_19,0
party_list_10_24_20,0
party_list_10_24_21,0
party_list_10_24_22,0
party_list_10_24_23,0
party_list_10_24_24,0
party_list_10_24_25,0
party_list_10_24_26,0
party_list_10_24_27,0
party_list_10_24_28,0
party_list_10_24_29,0
party_list_10_24_30,0
party_list_10_24_31,0
party_list_10_24_32,0
party_list_10_24_33,0
party_list_10_24_34,0
party_list_10_24_35,0
party_list_10_24_36,0
party_list_10_24_37,0
party_list_10_24_38,0
party_list_10_24_39,0
party_list_10_24_40,0
party_list_10_24_41,0
party_list_10_24_42,0
party_list_10_24_43,0
party_list_10_24_44,0
party_list_10_24_45,0
party_list_10_24_46,0
party_list_10_24_47,0
party_list_10_24_48,0
party_list_10_24_49,0
party_list_10_24_50,0
party_list_10_24_51,0
party_list_10_24_52,0
party_list_10_24_53,0
party_list_10_24_54,0
party_list_10_24_55,0
party_list_10_24_56,0
party_list_10_24_57,0
party_list_10_25_1,0
party_list_10_25_2,0
party_list_10_25_3,0
party_list_10_25_4,0
party_list_10_25_5,0
party_list_10_25_6,0
party_list_10_25_7,0
party_list_10_25_8,0
party_list_10_25_9,0
party_list_10_25_10,0
party_list_10_25_11,0
party_list_10_25_12,0
party_list_10_25_13,0
party_list_10_25_14,0
party_list_10_25_15,0
party_list_10_25_16,0
party_list_10_25_17,0
party_list_10_25_18,0
party_list_10_25_19,0
party_list_10_25_20,0
party_list_10_25_21,0
party_list_10_25_22,0
party_list_10_25_23,0
party_list_10_25_24,0
party_list_10_25_25,0
party_list_10_25_26,0
party_list_10_25_27,0
party_list_10_25_28,0
party_list_10_25_29,0
party_list_10_25_30,0
party_list_10_25_31,0
party_list_10_25_32,0
party_list_10_25_33,0
party_list_10_25_34,0
party_list_10_25_35,0
party_list_10_25_36,0
party_list_10_25_37,0
party_list_10_25_38,0
party_list_10_25_39,0
party_list_10_25_40,0
party_list_10_25_41,0
party_list_10_25_42,0
party_list_10_25_43,0
party_list_10_25_44,0
party_list_10_25_45,0
party_list_10_25_46,0
party_list_10_25_47,0
party_list_10_25_48,0
party_list_10_25_49,0
party_list_10_25_50,0
party_list_10_25_51,0
party_list_10_25_52,0
party_list_10_25_53,0
party_list_10_25_54,0
party_list_10_25_55,0
party_list_10_25_56,0
party_list_10_25_57,0
party_list_10_26_1,0
party_list_10_26_2,0
party_list_10_26_3,0
party_list_10_26_4,0
party_list_10_26_5,0
party_list_10_26_6,0
party_list_10_26_7,0
party_list_10_26_8,0
party_list_10_26_9,0
party_list_10_26_10,0
party_list_10_26_11,0
party_list_10_26_12,0
party_list_10_26_13,0
party_list_10_26_14,0
party_list_10_26_15,0
party_list_10_26_16,0
party_list_10_26_17,0
party_list_10_26_18,0
party_list_10_26_19,0
party_list_10_26_20,0
party_list_10_26_21,0
party_list_10_26_22,0
party_list_10_26_23,0
party_list_10_26_24,0
party_list_10_26_25,0
party_list_10_26_26,0
party_list_10_26_27,0
party_list_10_26_28,0
party_list_10_26_29,0
party_list_10_26_30,0
party_list_10_26_31,0
party_list_10_26_32,0
party_list_10_26_33,0
party_list_10_26_34,0
party_list_10_26_35,0
party_list_10_26_36,0
party_list_10_26_37,0
party_list_10_26_38,0
party_list_10_26_39,0
party_list_10_26_40,0
party_list_10_26_41,0
party_list_10_26_42,0
party_list_10_26_43,0
party_list_10_26_44,0
party_list_10_26_45,0
party_list_10_26_46,0
party_list_10_26_47,0
party_list_10_26_48,0
party_list_10_26_49,0
party_list_10_26_50,0
party_list_10_26_51,0
party_list_10_26_52,0
party_list_10_26_53,0
party_list_10_26_54,0
party_list_10_26_55,0
party_list_10_26_56,0
party_list_10_26_57,0
party_list_10_27_1,0
party_list_10_27_2,0
party_list_10_27_3,0
party_list_10_27_4,0
party_list_10_27_5,0
party_list_10_27_6,0
party_list_10_27_7,0
party_list_10_27_8,0
party_list_10_27_9,0
party_list_10_27_10,0
party_list_10_27_11,0
party_list_10_27_12,0
party_list_10_27_13,0
party_list_10_27_14,0
party_list_10_27_15,0
party_list_10_27_16,0
party_list_10_27_17,0
party_list_10_27_18,0
party_list_10_27_19,0
party_list_10_27_20,0
party_list_10_27_21,0
party_list_10_27_22,0
party_list_10_27_23,0
party_list_10_27_24,0
party_list_10_27_25,0
party_list_10_27_26,0
party_list_10_27_27,0
party_list_10_27_28,0
party_list_10_27_29,0
party_list_10_27_30,0
party_list_10_27_31,0
party_list_10_27_32,0
party_list_10_27_33,0
party_list_10_27_34,0
party_list_10_27_35,0
party_list_10_27_36,0
party_list_10_27_37,0
party_list_10_27_38,0
party_list_10_27_39,0
party_list_10_27_40,0
party_list_10_27_41,0
party_list_10_27_42,0
party_list_10_27_43,0
party_list_10_27_44,0
party_list_10_27_45,0
party_list_10_27_46,0
party_list_10_27_47,0
party_list_10_27_48,0
party_list_10_27_49,0
party_list_10_27_50,0
party_list_10_27_51,0
party_list_10_27_52,0
party_list_10_27_53,0
party_list_10_27_54,0
party_list_10_27_55,0
party_list_10_27_56,0
party_list_10_27_57,0
party_list_10_28_1,0
party_list_10_28_2,0
party_list_10_28_3,0
party_list_10_28_4,0
party_list_10_28_5,0
party_list_10_28_6,0
party_list_10_28_7,0
party_list_10_28_8,0
party_list_10_28_9,0
party_list_10_28_10,0
party_list_10_28_11,0
party_list_10_28_12,0
party_list_10_28_13,0
party_list_10_28_14,0
party_list_10_28_15,0
party_list_10_28_16,0
party_list_10_28_17,0
party_list_10_28_18,0
party_list_10_28_19,0
party_list_10_28_20,0
party_list_10_28_21,0
party_list_10_28_22,0
party_list_10_28_23,0
party_list_10_28_24,0
party_list_10_28_25,0
party_list_10_28_26,0
party_list_10_28_27,0
party_list_10_28_28,0
party_list_10_28_29,0
party_list_10_28_30,0
party_list_10_28_31,0
party_list_10_28_32,0
party_list_10_28_33,0
party_list_10_28_34,0
party_list_10_28_35,0
party_list_10_28_36,0
party_list_10_28_37,0
party_list_10_28_38,0
party_list_10_28_39,0
party_list_10_28_40,0
party_list_10_28_41,0
party_list_10_28_42,0
party_list_10_28_43,0
party_list_10_28_44,0
party_list_10_28_45,0
party_list_10_28_46,0
party_list_10_28_47,0
party_list_10_28_48,0
party_list_10_28_49,0
party_list_10_28_50,0
party_list_10_28_51,0
party_list_10_28_52,0
party_list_10_28_53,0
party_list_10_28_54,0
party_list_10_28_55,0
party_list_10_28_56,0
party_list_10_29_1,0
party_list_10_29_2,0
party_list_10_29_3,0
party_list_10_29_4,0
party_list_10_29_5,0
party_list_10_29_6,0
party_list_10_29_7,0
party_list_10_29_8,0
party_list_10_29_9,0
party_list_10_29_10,0
party_list_10_29_11,0
party_list_10_29_12,0
party_list_10_29_13,0
party_list_10_29_14,0
party_list_10_29_15,0
party_list_10_29_16,0
party_list_10_29_17,0
party_list_10_29_18,0
party_list_10_29_19,0
party_list_10_29_20,0
party_list_10_29_21,0
party_list_10_29_22,0
party_list_10_29_23,0
party_list_10_29_24,0
party_list_10_29_25,0
party_list_10_29_26,0
party_list_10_29_27,0
party_list_10_29_28,0
party_list_10_29_29,0
party_list_10_29_30,0
party_list_10_29_31,0
party_list_10_29_32,0
party_list_10_29_33,0
party_list_10_29_34,0
party_list_10_29_35,0
party_list_10_29_36,0
party_list_10_29_37,0
party_list_10_29_38,0
party_list_10_29_39,0
party_list_10_29_40,0
party_list_10_29_41,0
party_list_10_29_42,0
party_list_10_29_43,0
party_list_10_29_44,0
party_list_10_29_45,0
party_list_10_29_46,0
party_list_10_29_47,0
party_list_10_29_48,0
party_list_10_29_49,0
party_list_10_29_50,0
party_list_10_29_51,0
party_list_10_29_52,0
party_list_10_29_53,0
party_list_10_29_54,0
party_list_10_29_55,0
party_list_10_29_56,0
party_list_10_29_57,0
party_list_10_3_1,0
party_list_10_3_2,0
party_list_10_3_3,0
party_list_10_3_4,0
party_list_10_3_5,0
party_list_10_3_6,0
party_list_10_3_7,0
party_list_10_3_8,0
party_list_10_3_9,0
party_list_10_3_10,0
party_list_10_3_11,0
party_list_10_3_12,0
party_list_10_3_13,0
party_list_10_3_14,0
party_list_10_3_15,0
party_list_10_3_16,0
party_list_10_3_17,0
party_list_10_3_18,0
party_list_10_3_19,0
party_list_10_3_20,0
party_list_10_3_21,0
party_list_10_3_22,0
party_list_10_3_23,0
party_list_10_3_24,0
party_list_10_3_25,0
party_list_10_3_26,0
party_list_10_3_27,0
party_list_10_3_28,0
party_list_10_3_29,0
party_list_10_3_30,0
party_list_10_3_31,0
party_list_10_3_32,0
party_list_10_3_33,0
party_list_10_3_34,0
party_list_10_3_35,0
party_list_10_3_36,0
party_list_10_3_37,0
party_list_10_3_38,0
party_list_10_3_39,0
party_list_10_3_40,0
party_list_10_3_41,0
party_list_10_3_42,0
party_list_10_3_43,0
party_list_10_3_44,0
party_list_10_3_45,0
party_list_10_3_46,0
party_list_10_3_47,0
party_list_10_3_48,0
party_list_10_3_49,0
party_list_10_3_50,0
party_list_10_3_51,0
party_list_10_3_52,0
party_list_10_3_53,0
party_list_10_3_54,0
party_list_10_3_55,0
party_list_10_3_56,0
party_list_10_3_57,0
party_list_10_30_1,38
party_list_10_30_2,276
party_list_10_30_3,0
party_list_10_30_4,82
party_list_10_30_5,165
party_list_10_30_6,2242
party_list_10_30_7,0
party_list_10_30_8,265
party_list_10_30_9,11023
party_list_10_30_10,888
party_list_10_30_11,1980
party_list_10_30_12,742
party_list_10_30_13,319
party_list_10_30_14,21
party_list_10_30_15,278
party_list_10_30_16,126
party_list_10_30_17,0
party_list_10_30_18,36
party_list_10_30_19,23
party_list_10_30_20,0
party_list_10_30_21,45
party_list_10_30_22,17
party_list_10_30_23,0
party_list_10_30_24,41
party_list_10_30_25,12
party_list_10_30_26,0
party_list_10_30_27,8679
party_list_10_30_28,64
party_list_10_30_29,1453
party_list_10_30_30,33
party_list_10_30_31,138
party_list_10_30_32,18
party_list_10_30_33,50
party_list_10_30_34,29
party_list_10_30_35,0
party_list_10_30_36,46
party_list_10_30_37,15715
party_list_10_30_38,55
party_list_10_30_39,0
party_list_10_30_40,0
party_list_10_30_41,11
party_list_10_30_42,0
party_list_10_30_43,107
party_list_10_30_44,93
party_list_10_30_45,50
party_list_10_30_46,0
party_list_10_30_47,46986
party_list_10_30_48,983
party_list_10_30_49,646
party_list_10_30_50,1
party_list_10_30_51,0
party_list_10_30_52,8
party_list_10_30_53,5
party_list_10_30_54,25
party_list_10_30_55,16
party_list_10_30_56,14
party_list_10_30_57,21
party_list_10_31_1,59
party_list_10_31_2,321
party_list_10_31_3,75
party_list_10_31_4,61
party_list_10_31_5,0
party_list_10_31_6,155
party_list_10_31_7,2861
party_list_10_31_8,319
party_list_10_31_9,11016
party_list_10_31_10,532
party_list_10_31_11,2208
party_list_10_31_12,741
party_list_10_31_13,390
party_list_10_31_14,34
party_list_10_31_15,36
party_list_10_31_16,113
party_list_10_31_17,74
party_list_10_31_18,7
party_list_10_31_19,31
party_list_10_31_20,13
party_list_10_31_21,33
party_list_10_31_22,20
party_list_10_31_23,51
party_list_10_31_24,36
party_list_10_31_25,8
party_list_10_31_26,21
party_list_10_31_27,11313
party_list_10_31_28,0
party_list_10_31_29,0
party_list_10_31_30,0
party_list_10_31_31,0
party_list_10_31_32,0
party_list_10_31_33,0
party_list_10_31_34,0
party_list_10_31_35,0
party_list_10_31_36,0
party_list_10_31_37,0
party_list_10_31_38,0
party_list_10_31_39,0
party_list_10_31_40,0
party_list_10_31_41,0
party_list_10_31_42,0
party_list_10_31_43,0
party_list_10_31_44,0
party_list_10_31_45,0
party_list_10_31_46,0
party_list_10_31_47,0
party_list_10_31_48,0
party_list_10_31_49,0
party_list_10_31_50,0
party_list_10_31_51,0
party_list_10_31_52,0
party_list_10_31_53,0
party_list_10_31_54,0
party_list_10_31_55,0
party_list_10_31_56,0
party_list_10_31_57,0
party_list_10_32_1,0
party_list_10_32_2,0
party_list_10_32_3,0
party_list_10_32_4,0
party_list_10_32_5,0
party_list_10_32_6,0
party_list_10_32_7,0
party_list_10_32_8,0
party_list_10_32_9,0
party_list_10_32_10,0
party_list_10_32_11,0
party_list_10_32_12,0
party_list_10_32_13,0
party_list_10_32_14,0
party_list_10_32_15,0
party_list_10_32_16,0
party_list_10_32_17,0
party_list_10_32_18,0
party_list_10_32_19,0
party_list_10_32_20,0
party_list_10_32_21,0
party_list_10_32_22,0
party_list_10_32_23,0
party_list_10_32_24,0
party_list_10_32_25,0
party_list_10_32_26,0
party_list_10_32_27,0
party_list_10_32_28,70
party_list_10_32_29,1596
party_list_10_32_30,23
party_list_10_32_31,91
party_list_10_32_32,21
party_list_10_32_33,70
party_list_10_32_34,28
party_list_10_32_35,0
party_list_10_32_36,44
party_list_10_32_37,16304
party_list_10_32_38,50
party_list_10_32_39,0
party_list_10_32_40,0
party_list_10_32_41,8
party_list_10_32_42,172
party_list_10_32_43,121
party_list_10_32_44,66
party_list_10_32_45,55
party_list_10_32_46,0
party_list_10_32_47,0
party_list_10_32_48,76
party_list_10_32_49,877
party_list_10_32_50,6
party_list_10_32_51,0
party_list_10_32_52,8
party_list_10_32_53,5
party_list_10_32_54,12
party_list_10_32_55,7
party_list_10_32_56,18
party_list_10_32_57,17
party_list_10_33_1,0
party_list_10_33_2,0
party_list_10_33_3,0
party_list_10_33_4,0
party_list_10_33_5,0
party_list_10_33_6,0
party_list_10_33_7,0
party_list_10_33_8,0
party_list_10_33_9,0
party_list_10_33_10,0
party_list_10_33_11,0
party_list_10_33_12,0
party_list_10_33_13,0
party_list_10_33_14,0
party_list_10_33_15,0
party_list_10_33_16,0
party_list_10_33_17,0
party_list_10_33_18,0
party_list_10_33_19,0
party_list_10_33_20,0
party_list_10_33_21,0
party_list_10_33_22,0
party_list_10_33_23,0
party_list_10_33_24,0
party_list_10_33_25,0
party_list_10_33_26,0
party_list_10_33_27,0
party_list_10_33_28,0
party_list_10_33_29,0
party_list_10_33_30,0
party_list_10_33_31,0
party_list_10_33_32,0
party_list_10_33_33,0
party_list_10_33_34,0
party_list_10_33_35,0
party_list_10_33_36,0
party_list_10_33_37,0
party_list_10_33_38,0
party_list_10_33_39,0
party_list_10_33_40,0
party_list_10_33_41,0
party_list_10_33_42,0
party_list_10_33_43,0
party_list_10_33_44,0
party_list_10_33_45,0
party_list_10_33_46,0
party_list_10_33_47,0
party_list_10_33_48,0
party_list_10_33_49,0
party_list_10_33_50,0
party_list_10_33_51,0
party_list_10_33_52,0
party_list_10_33_53,0
party_list_10_33_54,0
party_list_10_33_55,0
party_list_10_33_56,0
party_list_10_33_57,0
party_list_10_4_1,0
party_list_10_4_2,0
party_list_10_4_3,0
party_list_10_4_4,0
party_list_10_4_5,0
party_list_10_4_6,0
party_list_10_4_7,0
party_list_10_4_8,0
party_list_10_4_9,0
party_list_10_4_10,0
party_list_10_4_11,0
party_list_10_4_12,0
party_list_10_4_13,0
party_list_10_4_14,0
party_list_10_4_15,0
party_list_10_4_16,0
party_list_10_4_17,0
party_list_10_4_18,0
party_list_10_4_19,0
party_list_10_4_20,0
party_list_10_4_21,0
party_list_10_4_22,0
party_list_10_4_23,0
party_list_10_4_24,0
party_list_10_4_25,0
party_list_10_4_26,0
party_list_10_4_27,0
party_list_10_4_28,0
party_list_10_4_29,0
party_list_10_4_30,0
party_list_10_4_31,0
party_list_10_4_32,0
party_list_10_4_33,0
party_list_10_4_34,0
party_list_10_4_35,0
party_list_10_4_36,0
party_list_10_4_37,0
party_list_10_4_38,0
party_list_10_4_39,0
party_list_10_4_40,0
party_list_10_4_41,0
party_list_10_4_42,0
party_list_10_4_43,0
party_list_10_4_44,0
party_list_10_4_45,0
party_list_10_4_46,0
party_list_10_4_47,0
party_list_10_4_48,0
party_list_10_4_49,0
party_list_10_4_50,0
party_list_10_4_51,0
party_list_10_4_52,0
party_list_10_4_53,0
party_list_10_4_54,0
party_list_10_4_55,0
party_list_10_4_56,0
party_list_10_4_57,0
party_list_10_5_1,0
party_list_10_5_2,0
party_list_10_5_3,0
party_list_10_5_4,0
party_list_10_5_5,0
party_list_10_5_6,0
party_list_10_5_7,0
party_list_10_5_8,0
party_list_10_5_9,0
party_list_10_5_10,0
party_list_10_5_11,0
party_list_10_5_12,0
party_list_10_5_13,0
party_list_10_5_14,0
party_list_10_5_15,0
party_list_10_5_16,0
party_list_10_5_17,0
party_list_10_5_18,0
party_list_10_5_19,0
party_list_10_5_20,0
party_list_10_5_21,0
party_list_10_5_22,0
party_list_10_5_23,0
party_list_10_5_24,0
party_list_10_5_25,0
party_list_10_5_26,0
party_list_10_5_27,0
party_list_10_5_28,0
party_list_10_5_29,0
party_list_10_5_30,0
party_list_10_5_31,0
party_list_10_5_32,0
party_list_10_5_33,0
party_list_10_5_34,0
party_list_10_5_35,0
party_list_10_5_36,0
party_list_10_5_37,0
party_list_10_5_38,0
party_list_10_5_39,0
party_list_10_5_40,0
party_list_10_5_41,0
party_list_10_5_42,0
party_list_10_5_43,0
party_list_10_5_44,0
party_list_10_5_45,0
party_list_10_5_46,0
party_list_10_5_47,0
party_list_10_5_48,0
party_list_10_5_49,0
party_list_10_5_50,0
party_list_10_5_51,0
party_list_10_5_52,0
party_list_10_5_53,0
party_list_10_5_54,0
party_list_10_5_55,0
party_list_10_5_56,0
party_list_10_5_57,0
party_list_10_6_1,0
party_list_10_6_2,0
party_list_10_6_3,0
party_list_10_6_4,0
party_list_10_6_5,0
party_list_10_6_6,0
party_list_10_6_7,0
party_list_10_6_8,0
party_list_10_6_9,0
party_list_10_6_10,0
party_list_10_6_11,0
party_list_10_6_12,0
party_list_10_6_13,0
party_list_10_6_14,0
party_list_10_6_15,0
party_list_10_6_16,0
party_list_10_6_17,0
party_list_10_6_18,0
party_list_10_6_19,0
party_list_10_6_20,0
party_list_10_6_21,0
party_list_10_6_22,0
party_list_10_6_23,0
party_list_10_6_24,0
party_list_10_6_25,0
party_list_10_6_26,0
party_list_10_6_27,0
party_list_10_6_28,0
party_list_10_6_29,0
party_list_10_6_30,0
party_list_10_6_31,0
party_list_10_6_32,0
party_list_10_6_33,0
party_list_10_6_34,0
party_list_10_6_35,0
party_list_10_6_36,0
party_list_10_6_37,0
party_list_10_6_38,0
party_list_10_6_39,0
party_list_10_6_40,0
party_list_10_6_41,0
party_list_10_6_42,0
party_list_10_6_43,0
party_list_10_6_44,0
party_list_10_6_45,0
party_list_10_6_46,0
party_list_10_6_47,0
party_list_10_6_48,0
party_list_10_6_49,0
party_list_10_6_50,0
party_list_10_6_51,0
party_list_10_6_52,0
party_list_10_6_53,0
party_list_10_6_54,0
party_list_10_6_55,0
party_list_10_6_56,0
party_list_10_6_57,0
party_list_10_7_1,0
party_list_10_7_2,0
party_list_10_7_3,0
party_list_10_7_4,0
party_list_10_7_5,0
party_list_10_7_6,0
party_list_10_7_7,0
party_list_10_7_8,0
party_list_10_7_9,0
party_list_10_7_10,0
party_list_10_7_11,0
party_list_10_7_12,0
party_list_10_7_13,0
party_list_10_7_14,0
party_list_10_7_15,0
party_list_10_7_16,0
party_list_10_7_17,0
party_list_10_7_18,0
party_list_10_7_19,0
party_list_10_7_20,0
party_list_10_7_21,0
party_list_10_7_22,0
party_list_10_7_23,0
party_list_10_7_24,0
party_list_10_7_25,0
party_list_10_7_26,0
party_list_10_7_27,0
party_list_10_7_28,0
party_list_10_7_29,0
party_list_10_7_30,0
party_list_10_7_31,0
party_list_10_7_32,0
party_list_10_7_33,0
party_list_10_7_34,0
party_list_10_7_35,0
party_list_10_7_36,0
party_list_10_7_37,0
party_list_10_7_38,0
party_list_10_7_39,0
party_list_10_7_40,0
party_list_10_7_41,0
party_list_10_7_42,0
party_list_10_7_43,0
party_list_10_7_44,0
party_list_10_7_45,0
party_list_10_7_46,0
party_list_10_7_47,0
party_list_10_7_48,0
party_list_10_7_49,0
party_list_10_7_50,0
party_list_10_7_51,0
party_list_10_7_52,0
party_list_10_7_53,0
party_list_10_7_54,0
party_list_10_7_55,0
party_list_10_7_56,0
party_list_10_7_57,0
party_list_10_8_1,0
party_list_10_8_2,0
party_list_10_8_3,0
party_list_10_8_4,0
party_list_10_8_5,0
party_list_10_8_6,0
party_list_10_8_7,0
party_list_10_8_8,0
party_list_10_8_9,0
party_list_10_8_10,0
party_list_10_8_11,0
party_list_10_8_12,0
party_list_10_8_13,0
party_list_10_8_14,0
party_list_10_8_15,0
party_list_10_8_16,0
party_list_10_8_17,0
party_list_10_8_18,0
party_list_10_8_19,0
party_list_10_8_20,0
party_list_10_8_21,0
party_list_10_8_22,0
party_list_10_8_23,0
party_list_10_8_24,0
party_list_10_8_25,0
party_list_10_8_26,0
party_list_10_8_27,0
party_list_10_8_28,0
party_list_10_8_29,0
party_list_10_8_30,0
party_list_10_8_31,0
party_list_10_8_32,0
party_list_10_8_33,0
party_list_10_8_34,0
party_list_10_8_35,0
party_list_10_8_36,0
party_list_10_8_37,0
party_list_10_8_38,0
party_list_10_8_39,0
party_list_10_8_40,0
party_list_10_8_41,0
party_list_10_8_42,0
party_list_10_8_43,0
party_list_10_8_44,0
party_list_10_8_45,0
party_list_10_8_46,0
party_list_10_8_47,0
party_list_10_8_48,0
party_list_10_8_49,0
party_list_10_8_50,0
party_list_10_8_51,0
party_list_10_8_52,0
party_list_10_8_53,0
party_list_10_8_54,0
party_list_10_8_55,0
party_list_10_8_56,0
party_list_10_8_57,0
party_list_10_9_1,0
party_list_10_9_2,0
party_list_10_9_3,0
party_list_10_9_4,0
party_list_10_9_5,0
party_list_10_9_6,0
party_list_10_9_7,0
party_list_10_9_8,0
party_list_10_9_9,0
party_list_10_9_10,0
party_list_10_9_11,0
party_list_10_9_12,0
party_list_10_9_13,0
party_list_10_9_14,0
party_list_10_9_15,0
party_list_10_9_16,0
party_list_10_9_17,0
party_list_10_9_18,0
party_list_10_9_19,0
party_list_10_9_20,0
party_list_10_9_21,0
party_list_10_9_22,0
party_list_10_9_23,0
party_list_10_9_24,0
party_list_10_9_25,0
party_list_10_9_26,0
party_list_10_9_27,0
party_list_10_9_28,0
party_list_10_9_29,0
party_list_10_9_30,0
party_list_10_9_31,0
party_list_10_9_32,0
party_list_10_9_33,0
party_list_10_9_34,0
party_list_10_9_35,0
party_list_10_9_36,0
party_list_10_9_37,0
party_list_10_9_38,0
party_list_10_9_39,0
party_list_10_9_40,0
party_list_10_9_41,0
party_list_10_9_42,0
party_list_10_9_43,0
party_list_10_9_44,0
party_list_10_9_45,0
party_list_10_9_46,0
party_list_10_9_47,0
party_list_10_9_48,0
party_list_10_9_49,0
party_list_10_9_50,0
party_list_10_9_51,0
party_list_10_9_52,0
party_list_10_9_53,0
party_list_10_9_54,0
party_list_10_9_55,0
party_list_10_9_56,0
party_list_10_9_57,0
party_list_11_1_1,95
party_list_11_1_2,581
party_list_11_1_3,1307
party_list_11_1_4,213
party_list_11_1_5,291
party_list_11_1_6,1879
party_list_11_1_7,279
party_list_11_1_8,356
party_list_11_1_9,15344
party_list_11_1_10,416
party_list_11_1_11,2588
party_list_11_1_12,447
party_list_11_1_13,439
party_list_11_1_14,19
party_list_11_1_15,52
party_list_11_1_16,104
party_list_11_1_17,60
party_list_11_1_18,9
party_list_11_1_19,22
party_list_11_1_20,15
party_list_11_1_21,34
party_list_11_1_22,197
party_list_11_1_23,11
party_list_11_1_24,12
party_list_11_1_25,25
party_list_11_1_26,5471
party_list_11_1_27,85
party_list_11_1_28,1036
party_list_11_1_29,76
party_list_11_1_30,56
party_list_11_1_31,50
party_list_11_1_32,63
party_list_11_1_33,58
party_list_11_1_34,109
party_list_11_1_35,53
party_list_11_1_36,14160
party_list_11_1_37,80
party_list_11_1_38,0
party_list_11_1_39,59
party_list_11_1_40,30
party_list_11_1_41,19
party_list_11_1_42,144
party_list_11_1_43,247
party_list_11_1_44,30
party_list_11_1_45,42
party_list_11_1_46,43207
party_list_11_1_47,198
party_list_11_1_48,370
party_list_11_1_49,366
party_list_11_1_50,33
party_list_11_1_51,7
party_list_11_1_52,9
party_list_11_1_53,21
party_list_11_1_54,8
party_list_11_1_55,11
party_list_11_1_56,25
party_list_11_1_57,90939
party_list_11_2_1,0
party_list_11_2_2,16377
party_list_11_2_3,0
party_list_11_2_4,0
party_list_11_2_5,0
party_list_11_2_6,1902
party_list_11_2_7,322
party_list_11_2_8,1947
party_list_11_2_9,16377
party_list_11_2_10,522
party_list_11_2_11,3080
party_list_11_2_12,605
party_list_11_2_13,533
party_list_11_2_14,35
party_list_11_2_15,60
party_list_11_2_16,196
party_list_11_2_17,84
party_list_11_2_18,27
party_list_11_2_19,18
party_list_11_2_20,60
party_list_11_2_21,31
party_list_11_2_22,137
party_list_11_2_23,29
party_list_11_2_24,19
party_list_11_2_25,46
party_list_11_2_26,4662
party_list_11_2_27,149
party_list_11_2_28,625
party_list_11_2_29,153
party_list_11_2_30,40
party_list_11_2_31,65
party_list_11_2_32,43
party_list_11_2_33,65
party_list_11_2_34,42
party_list_11_2_35,11880
party_list_11_2_36,103
party_list_11_2_37,63
party_list_11_2_38,45
party_list_11_2_39,0
party_list_11_2_40,0
party_list_11_2_41,15
party_list_11_2_42,96
party_list_11_2_43,154
party_list_11_2_44,32
party_list_11_2_45,49
party_list_11_2_46,43068
party_list_11_2_47,211
party_list_11_2_48,0
party_list_11_2_49,310
party_list_11_2_50,2
party_list_11_2_51,44
party_list_11_2_52,11
party_list_11_2_53,8
party_list_11_2_54,25
party_list_11_2_55,3
party_list_11_2_56,21
party_list_11_2_57,25
party_list_11_3_1,0
party_list_11_3_2,0
party_list_11_3_3,0
party_list_11_3_4,0
party_list_11_3_5,0
party_list_11_3_6,0
party_list_11_3_7,0
party_list_11_3_8,0
party_list_11_3_9,0
party_list_11_3_10,0
party_list_11_3_11,0
party_list_11_3_12,0
party_list_11_3_13,0
party_list_11_3_14,0
party_list_11_3_15,0
party_list_11_3_16,0
party_list_11_3_17,0
party_list_11_3_18,0
party_list_11_3_19,0
party_list_11_3_20,0
party_list_11_3_21,0
party_list_11_3_22,0
party_list_11_3_23,0
party_list_11_3_24,0
party_list_11_3_25,0
party_list_11_3_26,0
party_list_11_3_27,0
party_list_11_3_28,0
party_list_11_3_29,0
party_list_11_3_30,0
party_list_11_3_31,0
party_list_11_3_32,0
party_list_11_3_33,0
party_list_11_3_34,0
party_list_11_3_35,0
party_list_11_3_36,0
party_list_11_3_37,0
party_list_11_3_38,0
party_list_11_3_39,0
party_list_11_3_40,0
party_list_11_3_41,0
party_list_11_3_42,0
party_list_11_3_43,0
party_list_11_3_44,0
party_list_11_3_45,0
party_list_11_3_46,0
party_list_11_3_47,0
party_list_11_3_48,0
party_list_11_3_49,0
party_list_11_3_50,0
party_list_11_3_51,0
party_list_11_3_52,0
party_list_11_3_53,0
party_list_11_3_54,0
party_list_11_3_55,0
party_list_11_3_56,0
party_list_11_3_57,0
party_list_11_4_1,0
party_list_11_4_2,0
party_list_11_4_3,0
party_list_11_4_4,0
party_list_11_4_5,0
party_list_11_4_6,0
party_list_11_4_7,0
party_list_11_4_8,0
party_list_11_4_9,0
party_list_11_4_10,0
party_list_11_4_11,0
party_list_11_4_12,0
party_list_11_4_13,0
party_list_11_4_14,0
party_list_11_4_15,0
party_list_11_4_16,0
party_list_11_4_17,0
party_list_11_4_18,0
party_list_11_4_19,0
party_list_11_4_20,0
party_list_11_4_21,0
party_list_11_4_22,0
party_list_11_4_23,0
party_list_11_4_24,0
party_list_11_4_25,0
party_list_11_4_26,0
party_list_11_4_27,0
party_list_11_4_28,0
party_list_11_4_29,0
party_list_11_4_30,0
party_list_11_4_31,0
party_list_11_4_32,0
party_list_11_4_33,0
party_list_11_4_34,0
party_list_11_4_35,0
party_list_11_4_36,0
party_list_11_4_37,0
party_list_11_4_38,0
party_list_11_4_39,0
party_list_11_4_40,0
party_list_11_4_41,0
party_list_11_4_42,0
party_list_11_4_43,0
party_list_11_4_44,0
party_list_11_4_45,0
party_list_11_4_46,0
party_list_11_4_47,0
party_list_11_4_48,0
party_list_11_4_49,0
party_list_11_4_50,0
party_list_11_4_51,0
party_list_11_4_52,0
party_list_11_4_53,0
party_list_11_4_54,0
party_list_11_4_55,0
party_list_11_4_56,0
party_list_11_4_57,0
party_list_11_5_1,0
party_list_11_5_2,0
party_list_11_5_3,0
party_list_11_5_4,0
party_list_11_5_5,0
party_list_11_5_6,0
party_list_11_5_7,0
party_list_11_5_8,0
party_list_11_5_9,0
party_list_11_5_10,0
party_list_11_5_11,0
party_list_11_5_12,0
party_list_11_5_13,0
party_list_11_5_14,0
party_list_11_5_15,0
party_list_11_5_16,0
party_list_11_5_17,0
party_list_11_5_18,0
party_list_11_5_19,0
party_list_11_5_20,0
party_list_11_5_21,0
party_list_11_5_22,0
party_list_11_5_23,0
party_list_11_5_24,0
party_list_11_5_25,0
party_list_11_5_26,0
party_list_11_5_27,0
party_list_11_5_28,0
party_list_11_5_29,0
party_list_11_5_30,0
party_list_11_5_31,0
party_list_11_5_32,0
party_list_11_5_33,0
party_list_11_5_34,0
party_list_11_5_35,0
party_list_11_5_36,0
party_list_11_5_37,0
party_list_11_5_38,0
party_list_11_5_39,0
party_list_11_5_40,0
party_list_11_5_41,0
party_list_11_5_42,0
party_list_11_5_43,0
party_list_11_5_44,0
party_list_11_5_45,0
party_list_11_5_46,0
party_list_11_5_47,0
party_list_11_5_48,0
party_list_11_5_49,0
party_list_11_5_50,0
party_list_11_5_51,0
party_list_11_5_52,0
party_list_11_5_53,0
party_list_11_5_54,0
party_list_11_5_55,0
party_list_11_5_56,0
party_list_11_5_57,0
party_list_11_6_1,0
party_list_11_6_2,8917
party_list_11_6_3,0
party_list_11_6_4,0
party_list_11_6_5,0
party_list_11_6_6,1841
party_list_11_6_7,333
party_list_11_6_8,633
party_list_11_6_9,8917
party_list_11_6_10,420
party_list_11_6_11,2359
party_list_11_6_12,698
party_list_11_6_13,488
party_list_11_6_14,41
party_list_11_6_15,48
party_list_11_6_16,123
party_list_11_6_17,72
party_list_11_6_18,27
party_list_11_6_19,15
party_list_11_6_20,33
party_list_11_6_21,278
party_list_11_6_22,41
party_list_11_6_23,18
party_list_11_6_24,39
party_list_11_6_25,4671
party_list_11_6_26,115
party_list_11_6_27,800
party_list_11_6_28,66
party_list_11_6_29,68
party_list_11_6_30,49
party_list_11_6_31,149
party_list_11_6_32,152
party_list_11_6_33,85
party_list_11_6_34,22294
party_list_11_6_35,72
party_list_11_6_36,53
party_list_11_6_37,53
party_list_11_6_38,72
party_list_11_6_39,53
party_list_11_6_40,53
party_list_11_6_41,17
party_list_11_6_42,100
party_list_11_6_43,141
party_list_11_6_44,40
party_list_11_6_45,51
party_list_11_6_46,35615
party_list_11_6_47,149
party_list_11_6_48,275
party_list_11_6_49,468
party_list_11_6_50,439
party_list_11_6_51,15
party_list_11_6_52,17
party_list_11_6_53,15
party_list_11_6_54,14
party_list_11_6_55,15
party_list_11_6_56,37
party_list_11_6_57,85109
party_list_11_7_1,0
party_list_11_7_2,0
party_list_11_7_3,0
party_list_11_7_4,0
party_list_11_7_5,0
party_list_11_7_6,0
party_list_11_7_7,0
party_list_11_7_8,0
party_list_11_7_9,0
party_list_11_7_10,0
party_list_11_7_11,0
party_list_11_7_12,0
party_list_11_7_13,0
party_list_11_7_14,0
party_list_11_7_15,0
party_list_11_7_16,0
party_list_11_7_17,0
party_list_11_7_18,0
party_list_11_7_19,0
party_list_11_7_20,0
party_list_11_7_21,0
party_list_11_7_22,0
party_list_11_7_23,0
party_list_11_7_24,0
party_list_11_7_25,0
party_list_11_7_26,0
party_list_11_7_27,0
party_list_11_7_28,0
party_list_11_7_29,0
party_list_11_7_30,0
party_list_11_7_31,0
party_list_11_7_32,0
party_list_11_7_33,0
party_list_11_7_34,0
party_list_11_7_35,0
party_list_11_7_36,0
party_list_11_7_37,0
party_list_11_7_38,0
party_list_11_7_39,0
party_list_11_7_40,0
party_list_11_7_41,0
party_list_11_7_42,0
party_list_11_7_43,0
party_list_11_7_44,0
party_list_11_7_45,0
party_list_11_7_46,0
party_list_11_7_47,0
party_list_11_7_48,0
party_list_11_7_49,0
party_list_11_7_50,0
party_list_11_7_51,0
party_list_11_7_52,0
party_list_11_7_53,0
party_list_11_7_54,0
party_list_11_7_55,0
party_list_11_7_56,0
party_list_11_7_57,0
party_list_11_8_1,0
party_list_11_8_2,0
party_list_11_8_3,0
party_list_11_8_4,0
party_list_11_8_5,0
party_list_11_8_6,0
party_list_11_8_7,0
party_list_11_8_8,0
party_list_11_8_9,0
party_list_11_8_10,0
party_list_11_8_11,0
party_list_11_8_12,0
party_list_11_8_13,0
party_list_11_8_14,0
party_list_11_8_15,0
party_list_11_8_16,0
party_list_11_8_17,0
party_list_11_8_18,0
party_list_11_8_19,0
party_list_11_8_20,0
party_list_11_8_21,0
party_list_11_8_22,0
party_list_11_8_23,0
party_list_11_8_24,0
party_list_11_8_25,0
party_list_11_8_26,0
party_list_11_8_27,0
party_list_11_8_28,0
party_list_11_8_29,0
party_list_11_8_30,0
party_list_11_8_31,0
party_list_11_8_32,0
party_list_11_8_33,0
party_list_11_8_34,0
party_list_11_8_35,0
party_list_11_8_36,0
party_list_11_8_37,0
party_list_11_8_38,0
party_list_11_8_39,0
party_list_11_8_40,0
party_list_11_8_41,0
party_list_11_8_42,0
party_list_11_8_43,0
party_list_11_8_44,0
party_list_11_8_45,0
party_list_11_8_46,0
party_list_11_8_47,0
party_list_11_8_48,0
party_list_11_8_49,0
party_list_11_8_50,0
party_list_11_8_51,0
party_list_11_8_52,0
party_list_11_8_53,0
party_list_11_8_54,0
party_list_11_8_55,0
party_list_11_8_56,0
party_list_11_8_57,0
party_list_12_1_1,0
party_list_12_1_2,0
party_list_12_1_3,0
party_list_12_1_4,0
party_list_12_1_5,0
party_list_12_1_6,0
party_list_12_1_7,0
party_list_12_1_8,0
party_list_12_1_9,0
party_list_12_1_10,0
party_list_12_1_11,0
party_list_12_1_12,0
party_list_12_1_13,0
party_list_12_1_14,0
party_list_12_1_15,0
party_list_12_1_16,0
party_list_12_1_17,0
party_list_12_1_18,0
party_list_12_1_19,0
party_list_12_1_20,0
party_list_12_1_21,0
party_list_12_1_22,0
party_list_12_1_23,0
party_list_12_1_24,0
party_list_12_1_25,0
party_list_12_1_26,0
party_list_12_1_27,0
party_list_12_1_28,0
party_list_12_1_29,0
party_list_12_1_30,0
party_list_12_1_31,0
party_list_12_1_32,0
party_list_12_1_33,0
party_list_12_1_34,0
party_list_12_1_35,0
party_list_12_1_36,0
party_list_12_1_37,0
party_list_12_1_38,0
party_list_12_1_39,0
party_list_12_1_40,0
party_list_12_1_41,0
party_list_12_1_42,0
party_list_12_1_43,0
party_list_12_1_44,0
party_list_12_1_45,0
party_list_12_1_46,0
party_list_12_1_47,0
party_list_12_1_48,0
party_list_12_1_49,0
party_list_12_1_50,0
party_list_12_1_51,0
party_list_12_1_52,0
party_list_12_1_53,0
party_list_12_1_54,0
party_list_12_1_55,0
party_list_12_1_56,0
party_list_12_1_57,0
party_list_12_2_1,0
party_list_12_2_2,0
party_list_12_2_3,0
party_list_12_2_4,0
party_list_12_2_5,0
party_list_12_2_6,0
party_list_12_2_7,0
party_list_12_2_8,0
party_list_12_2_9,0
party_list_12_2_10,0
party_list_12_2_11,0
party_list_12_2_12,0
party_list_12_2_13,0
party_list_12_2_14,0
party_list_12_2_15,0
party_list_12_2_16,0
party_list_12_2_17,0
party_list_12_2_18,0
party_list_12_2_19,0
party_list_12_2_20,0
party_list_12_2_21,0
party_list_12_2_22,0
party_list_12_2_23,0
party_list_12_2_24,0
party_list_12_2_25,0
party_list_12_2_26,0
party_list_12_2_27,0
party_list_12_2_28,0
party_list_12_2_29,0
party_list_12_2_30,0
party_list_12_2_31,0
party_list_12_2_32,0
party_list_12_2_33,0
party_list_12_2_34,0
party_list_12_2_35,0
party_list_12_2_36,0
party_list_12_2_37,0
party_list_12_2_38,0
party_list_12_2_39,0
party_list_12_2_40,0
party_list_12_2_41,0
party_list_12_2_42,0
party_list_12_2_43,0
party_list_12_2_44,0
party_list_12_2_45,0
party_list_12_2_46,0
party_list_12_2_47,0
party_list_12_2_48,0
party_list_12_2_49,0
party_list_12_2_50,0
party_list_12_2_51,0
party_list_12_2_52,0
party_list_12_2_53,0
party_list_12_2_54,0
party_list_12_2_55,0
party_list_12_2_56,0
party_list_12_2_57,0
party_list_12_3_1,0
party_list_12_3_2,0
party_list_12_3_3,0
party_list_12_3_4,0
party_list_12_3_5,0
party_list_12_3_6,0
party_list_12_3_7,0
party_list_12_3_8,0
party_list_12_3_9,0
party_list_12_3_10,0
party_list_12_3_11,0
party_list_12_3_12,0
party_list_12_3_13,0
party_list_12_3_14,0
party_list_12_3_15,0
party_list_12_3_16,0
party_list_12_3_17,0
party_list_12_3_18,0
party_list_12_3_19,0
party_list_12_3_20,0
party_list_12_3_21,0
party_list_12_3_22,0
party_list_12_3_23,0
party_list_12_3_24,0
party_list_12_3_25,0
party_list_12_3_26,0
party_list_12_3_27,0
party_list_12_3_28,0
party_list_12_3_29,0
party_list_12_3_30,0
party_list_12_3_31,0
party_list_12_3_32,0
party_list_12_3_33,0
party_list_12_3_34,0
party_list_12_3_35,0
party_list_12_3_36,0
party_list_12_3_37,0
party_list_12_3_38,0
party_list_12_3_39,0
party_list_12_3_40,0
party_list_12_3_41,0
party_list_12_3_42,0
party_list_12_3_43,0
party_list_12_3_44,0
party_list_12_3_45,0
party_list_12_3_46,0
party_list_12_3_47,0
party_list_12_3_48,0
party_list_12_3_49,0
party_list_12_3_50,0
party_list_12_3_51,0
party_list_12_3_52,0
party_list_12_3_53,0
party_list_12_3_54,0
party_list_12_3_55,0
party_list_12_3_56,0
party_list_12_3_57,0
party_list_12_4_1,0
party_list_12_4_2,0
party_list_12_4_3,0
party_list_12_4_4,0
party_list_12_4_5,0
party_list_12_4_6,0
party_list_12_4_7,0
party_list_12_4_8,0
party_list_12_4_9,0
party_list_12_4_10,0
party_list_12_4_11,0
party_list_12_4_12,0
party_list_12_4_13,0
party_list_12_4_14,0
party_list_12_4_15,0
party_list_12_4_16,0
party_list_12_4_17,0
party_list_12_4_18,0
party_list_12_4_19,0
party_list_12_4_20,0
party_list_12_4_21,0
party_list_12_4_22,0
party_list_12_4_23,0
party_list_12_4_24,0
party_list_12_4_25,0
party_list_12_4_26,0
party_list_12_4_27,0
party_list_12_4_28,0
party_list_12_4_29,0
party_list_12_4_30,0
party_list_12_4_31,0
party_list_12_4_32,0
party_list_12_4_33,0
party_list_12_4_34,0
party_list_12_4_35,0
party_list_12_4_36,0
party_list_12_4_37,0
party_list_12_4_38,0
party_list_12_4_39,0
party_list_12_4_40,0
party_list_12_4_41,0
party_list_12_4_42,0
party_list_12_4_43,0
party_list_12_4_44,0
party_list_12_4_45,0
party_list_12_4_46,0
party_list_12_4_47,0
party_list_12_4_48,0
party_list_12_4_49,0
party_list_12_4_50,0
party_list_12_4_51,0
party_list_12_4_52,0
party_list_12_4_53,0
party_list_12_4_54,0
party_list_12_4_55,0
party_list_12_4_56,0
party_list_12_4_57,0
party_list_12_5_1,97
party_list_12_5_2,456
party_list_12_5_3,140
party_list_12_5_4,152
party_list_12_5_5,1783
party_list_12_5_6,2322
party_list_12_5_7,424
party_list_12_5_8,530
party_list_12_5_9,9299
party_list_12_5_10,570
party_list_12_5_11,2264
party_list_12_5_12,448
party_list_12_5_13,334
party_list_12_5_14,32
party_list_12_5_15,50
party_list_12_5_16,110
party_list_12_5_17,40
party_list_12_5_18,12
party_list_12_5_19,43
party_list_12_5_20,56
party_list_12_5_21,33
party_list_12_5_22,139
party_list_12_5_23,32
party_list_12_5_24,41
party_list_12_5_25,10
party_list_12_5_26,29
party_list_12_5_27,7653
party_list_12_5_28,83
party_list_12_5_29,1490
party_list_12_5_30,44
party_list_12_5_31,64
party_list_12_5_32,45
party_list_12_5_33,242
party_list_12_5_34,80
party_list_12_5_35,169
party_list_12_5_36,182
party_list_12_5_37,22453
party_list_12_5_38,88
party_list_12_5_39,72
party_list_12_5_40,14
party_list_12_5_41,12
party_list_12_5_42,309
party_list_12_5_43,229
party_list_12_5_44,75
party_list_12_5_45,53
party_list_12_5_46,43742
party_list_12_5_47,109
party_list_12_5_48,1432
party_list_12_5_49,59
party_list_12_5_50,34
party_list_12_5_51,14
party_list_12_5_52,11
party_list_12_5_53,12
party_list_12_5_54,18
party_list_12_5_55,27
party_list_12_5_56,0
party_list_12_5_57,98812
party_list_12_6_1,0
party_list_12_6_2,0
party_list_12_6_3,0
party_list_12_6_4,0
party_list_12_6_5,0
party_list_12_6_6,0
party_list_12_6_7,0
party_list_12_6_8,0
party_list_12_6_9,0
party_list_12_6_10,0
party_list_12_6_11,0
party_list_12_6_12,0
party_list_12_6_13,0
party_list_12_6_14,0
party_list_12_6_15,0
party_list_12_6_16,0
party_list_12_6_17,0
party_list_12_6_18,0
party_list_12_6_19,0
party_list_12_6_20,0
party_list_12_6_21,0
party_list_12_6_22,0
party_list_12_6_23,0
party_list_12_6_24,0
party_list_12_6_25,0
party_list_12_6_26,0
party_list_12_6_27,0
party_list_12_6_28,0
party_list_12_6_29,0
party_list_12_6_30,0
party_list_12_6_31,0
party_list_12_6_32,0
party_list_12_6_33,0
party_list_12_6_34,0
party_list_12_6_35,0
party_list_12_6_36,0
party_list_12_6_37,0
party_list_12_6_38,0
party_list_12_6_39,0
party_list_12_6_40,0
party_list_12_6_41,0
party_list_12_6_42,0
party_list_12_6_43,0
party_list_12_6_44,0
party_list_12_6_45,0
party_list_12_6_46,0
party_list_12_6_47,0
party_list_12_6_48,0
party_list_12_6_49,0
party_list_12_6_50,0
party_list_12_6_51,0
party_list_12_6_52,0
party_list_12_6_53,0
party_list_12_6_54,0
party_list_12_6_55,0
party_list_12_6_56,0
party_list_12_6_57,0
party_list_12_7_1,0
party_list_12_7_2,0
party_list_12_7_3,0
party_list_12_7_4,0
party_list_12_7_5,0
party_list_12_7_6,0
party_list_12_7_7,0
party_list_12_7_8,0
party_list_12_7_9,0
party_list_12_7_10,0
party_list_12_7_11,0
party_list_12_7_12,0
party_list_12_7_13,0
party_list_12_7_14,0
party_list_12_7_15,0
party_list_12_7_16,0
party_list_12_7_17,0
party_list_12_7_18,0
party_list_12_7_19,0
party_list_12_7_20,0
party_list_12_7_21,0
party_list_12_7_22,0
party_list_12_7_23,0
party_list_12_7_24,0
party_list_12_7_25,0
party_list_12_7_26,0
party_list_12_7_27,0
party_list_12_7_28,0
party_list_12_7_29,0
party_list_12_7_30,0
party_list_12_7_31,0
party_list_12_7_32,0
party_list_12_7_33,0
party_list_12_7_34,0
party_list_12_7_35,0
party_list_12_7_36,0
party_list_12_7_37,0
party_list_12_7_38,0
party_list_12_7_39,0
party_list_12_7_40,0
party_list_12_7_41,0
party_list_12_7_42,0
party_list_12_7_43,0
party_list_12_7_44,0
party_list_12_7_45,0
party_list_12_7_46,0
party_list_12_7_47,0
party_list_12_7_48,0
party_list_12_7_49,0
party_list_12_7_50,0
party_list_12_7_51,0
party_list_12_7_52,0
party_list_12_7_53,0
party_list_12_7_54,0
party_list_12_7_55,0
party_list_12_7_56,0
party_list_12_7_57,0
party_list_12_8_1,0
party_list_12_8_2,0
party_list_12_8_3,0
party_list_12_8_4,0
party_list_12_8_5,0
party_list_12_8_6,0
party_list_12_8_7,0
party_list_12_8_8,0
party_list_12_8_9,0
party_list_12_8_10,0
party_list_12_8_11,0
party_list_12_8_12,0
party_list_12_8_13,0
party_list_12_8_14,0
party_list_12_8_15,0
party_list_12_8_16,0
party_list_12_8_17,0
party_list_12_8_18,0
party_list_12_8_19,0
party_list_12_8_20,0
party_list_12_8_21,0
party_list_12_8_22,0
party_list_12_8_23,0
party_list_12_8_24,0
party_list_12_8_25,0
party_list_12_8_26,0
party_list_12_8_27,0
party_list_12_8_28,0
party_list_12_8_29,0
party_list_12_8_30,0
party_list_12_8_31,0
party_list_12_8_32,0
party_list_12_8_33,0
party_list_12_8_34,0
party_list_12_8_35,0
party_list_12_8_36,0
party_list_12_8_37,0
party_list_12_8_38,0
party_list_12_8_39,0
party_list_12_8_40,0
party_list_12_8_41,0
party_list_12_8_42,0
party_list_12_8_43,0
party_list_12_8_44,0
party_list_12_8_45,0
party_list_12_8_46,0
party_list_12_8_47,0
party_list_12_8_48,0
party_list_12_8_49,0
party_list_12_8_50,0
party_list_12_8_51,0
party_list_12_8_52,0
party_list_12_8_53,0
party_list_12_8_54,0
party_list_12_8_55,0
party_list_12_8_56,0
party_list_12_8_57,0
party_list_13_1_1,0
party_list_13_1_2,0
party_list_13_1_3,0
party_list_13_1_4,0
party_list_13_1_5,0
party_list_13_1_6,0
party_list_13_1_7,0
party_list_13_1_8,0
party_list_13_1_9,0
party_list_13_1_10,0
party_list_13_1_11,0
party_list_13_1_12,0
party_list_13_1_13,0
party_list_13_1_14,0
party_list_13_1_15,0
party_list_13_1_16,0
party_list_13_1_17,0
party_list_13_1_18,0
party_list_13_1_19,0
party_list_13_1_20,0
party_list_13_1_21,0
party_list_13_1_22,0
party_list_13_1_23,0
party_list_13_1_24,0
party_list_13_1_25,0
party_list_13_1_26,0
party_list_13_1_27,0
party_list_13_1_28,0
party_list_13_1_29,0
party_list_13_1_30,0
party_list_13_1_31,0
party_list_13_1_32,0
party_list_13_1_33,0
party_list_13_1_34,0
party_list_13_1_35,0
party_list_13_1_36,0
party_list_13_1_37,0
party_list_13_1_38,0
party_list_13_1_39,0
party_list_13_1_40,0
party_list_13_1_41,0
party_list_13_1_42,0
party_list_13_1_43,0
party_list_13_1_44,0
party_list_13_1_45,0
party_list_13_1_46,0
party_list_13_1_47,0
party_list_13_1_48,0
party_list_13_1_49,0
party_list_13_1_50,0
party_list_13_1_51,0
party_list_13_1_52,0
party_list_13_1_53,0
party_list_13_1_54,0
party_list_13_1_55,0
party_list_13_1_56,0
party_list_13_1_57,0
party_list_13_2_1,0
party_list_13_2_2,0
party_list_13_2_3,0
party_list_13_2_4,0
party_list_13_2_5,0
party_list_13_2_6,0
party_list_13_2_7,0
party_list_13_2_8,0
party_list_13_2_9,0
party_list_13_2_10,0
party_list_13_2_11,0
party_list_13_2_12,0
party_list_13_2_13,0
party_list_13_2_14,0
party_list_13_2_15,0
party_list_13_2_16,0
party_list_13_2_17,0
party_list_13_2_18,0
party_list_13_2_19,0
party_list_13_2_20,0
party_list_13_2_21,0
party_list_13_2_22,0
party_list_13_2_23,0
party_list_13_2_24,22
party_list_13_2_25,30
party_list_13_2_26,837
party_list_13_2_27,75
party_list_13_2_28,4638
party_list_13_2_29,114
party_list_13_2_30,88
party_list_13_2_31,97
party_list_13_2_32,45
party_list_13_2_33,192
party_list_13_2_34,44
party_list_13_2_35,129
party_list_13_2_36,110
party_list_13_2_37,18839
party_list_13_2_38,91
party_list_13_2_39,69
party_list_13_2_40,18
party_list_13_2_41,187
party_list_13_2_42,140
party_list_13_2_43,0
party_list_13_2_44,60
party_list_13_2_45,48
party_list_13_2_46,39803
party_list_13_2_47,133
party_list_13_2_48,544
party_list_13_2_49,362
party_list_13_2_50,9
party_list_13_2_51,45
party_list_13_2_52,11
party_list_13_2_53,11
party_list_13_2_54,18
party_list_13_2_55,13
party_list_13_2_56,38
party_list_13_2_57,0
party_list_13_3_1,0
party_list_13_3_2,0
party_list_13_3_3,0
party_list_13_3_4,0
party_list_13_3_5,0
party_list_13_3_6,0
party_list_13_3_7,0
party_list_13_3_8,0
party_list_13_3_9,0
party_list_13_3_10,0
party_list_13_3_11,0
party_list_13_3_12,0
party_list_13_3_13,0
party_list_13_3_14,0
party_list_13_3_15,0
party_list_13_3_16,0
party_list_13_3_17,0
party_list_13_3_18,0
party_list_13_3_19,0
party_list_13_3_20,0
party_list_13_3_21,0
party_list_13_3_22,0
party_list_13_3_23,0
party_list_13_3_24,0
party_list_13_3_25,0
party_list_13_3_26,0
party_list_13_3_27,0
party_list_13_3_28,0
party_list_13_3_29,0
party_list_13_3_30,0
party_list_13_3_31,0
party_list_13_3_32,0
party_list_13_3_33,0
party_list_13_3_34,0
party_list_13_3_35,0
party_list_13_3_36,0
party_list_13_3_37,0
party_list_13_3_38,0
party_list_13_3_39,0
party_list_13_3_40,0
party_list_13_3_41,0
party_list_13_3_42,0
party_list_13_3_43,0
party_list_13_3_44,0
party_list_13_3_45,0
party_list_13_3_46,0
party_list_13_3_47,0
party_list_13_3_48,0
party_list_13_3_49,0
party_list_13_3_50,0
party_list_13_3_51,0
party_list_13_3_52,0
party_list_13_3_53,0
party_list_13_3_54,0
party_list_13_3_55,0
party_list_13_3_56,0
party_list_13_3_57,0
party_list_13_3_58,0
party_list_13_4_1,0
party_list_13_4_2,0
party_list_13_4_3,0
party_list_13_4_4,0
party_list_13_4_5,0
party_list_13_4_6,0
party_list_13_4_7,0
party_list_13_4_8,0
party_list_13_4_9,0
party_list_13_4_10,0
party_list_13_4_11,0
party_list_13_4_12,0
party_list_13_4_13,0
party_list_13_4_14,0
party_list_13_4_15,0
party_list_13_4_16,0
party_list_13_4_17,0
party_list_13_4_18,0
party_list_13_4_19,0
party_list_13_4_20,0
party_list_13_4_21,0
party_list_13_4_22,0
party_list_13_4_23,0
party_list_13_4_24,0
party_list_13_4_25,0
party_list_13_4_26,0
party_list_13_4_27,0
party_list_13_4_28,0
party_list_13_4_29,0
party_list_13_4_30,0
party_list_13_4_31,0
party_list_13_4_32,0
party_list_13_4_33,0
party_list_13_4_34,0
party_list_13_4_35,0
party_list_13_4_36,0
party_list_13_4_37,0
party_list_13_4_38,0
party_list_13_4_39,0
party_list_13_4_40,0
party_list_13_4_41,0
party_list_13_4_42,0
party_list_13_4_43,0
party_list_13_4_44,0
party_list_13_4_45,0
party_list_13_4_46,0
party_list_13_4_47,0
party_list_13_4_48,0
party_list_13_4_49,0
party_list_13_4_50,0
party_list_13_4_51,0
party_list_13_4_52,10
party_list_13_4_53,21
party_list_13_4_54,18
party_list_13_4_55,13
party_list_13_4_56,11
party_list_13_4_57,20
party_list_13_5_1,0
party_list_13_5_2,0
party_list_13_5_3,0
party_list_13_5_4,0
party_list_13_5_5,0
party_list_13_5_6,0
party_list_13_5_7,0
party_list_13_5_8,0
party_list_13_5_9,0
party_list_13_5_10,0
party_list_13_5_11,0
party_list_13_5_12,0
party_list_13_5_13,0
party_list_13_5_14,0
party_list_13_5_15,0
party_list_13_5_16,0
party_list_13_5_17,0
party_list_13_5_18,0
party_list_13_5_19,0
party_list_13_5_20,0
party_list_13_5_21,0
party_list_13_5_22,0
party_list_13_5_23,0
party_list_13_5_24,0
party_list_13_5_25,0
party_list_13_5_26,0
party_list_13_5_27,0
party_list_13_5_28,0
party_list_13_5_29,0
party_list_13_5_30,0
party_list_13_5_31,0
party_list_13_5_32,0
party_list_13_5_33,0
party_list_13_5_34,0
party_list_13_5_35,0
party_list_13_5_36,0
party_list_13_5_37,0
party_list_13_5_38,0
party_list_13_5_39,0
party_list_13_5_40,0
party_list_13_5_41,0
party_list_13_5_42,0
party_list_13_5_43,0
party_list_13_5_44,0
party_list_13_5_45,0
party_list_13_5_46,0
party_list_13_5_47,0
party_list_13_5_48,0
party_list_13_5_49,0
party_list_13_5_50,0
party_list_13_5_51,0
party_list_13_5_52,0
party_list_13_5_53,0
party_list_13_5_54,0
party_list_13_5_55,0
party_list_13_5_56,0
party_list_13_5_57,0
party_list_13_6_1,0
party_list_13_6_2,0
party_list_13_6_3,0
party_list_13_6_4,0
party_list_13_6_5,0
party_list_13_6_6,0
party_list_13_6_7,0
party_list_13_6_8,0
party_list_13_6_9,0
party_list_13_6_10,0
party_list_13_6_11,0
party_list_13_6_12,0
party_list_13_6_13,0
party_list_13_6_14,0
party_list_13_6_15,0
party_list_13_6_16,0
party_list_13_6_17,0
party_list_13_6_18,0
party_list_13_6_19,0
party_list_13_6_20,0
party_list_13_6_21,0
party_list_13_6_22,0
party_list_13_6_23,0
party_list_13_6_24,0
party_list_13_6_25,0
party_list_13_6_26,0
party_list_13_6_27,0
party_list_13_6_28,0
party_list_13_6_29,0
party_list_13_6_30,0
party_list_13_6_31,0
party_list_13_6_32,0
party_list_13_6_33,0
party_list_13_6_34,0
party_list_13_6_35,0
party_list_13_6_36,0
party_list_13_6_37,0
party_list_13_6_38,0
party_list_13_6_39,0
party_list_13_6_40,0
party_list_13_6_41,0
party_list_13_6_42,0
party_list_13_6_43,0
party_list_13_6_44,0
party_list_13_6_45,0
party_list_13_6_46,0
party_list_13_6_47,0
party_list_13_6_48,0
party_list_13_6_49,0
party_list_13_6_50,0
party_list_13_6_51,0
party_list_13_6_52,0
party_list_13_6_53,0
party_list_13_6_54,0
party_list_13_6_55,0
party_list_13_6_56,0
party_list_13_6_57,0
party_list_13_7_1,0
party_list_13_7_2,0
party_list_13_7_3,0
party_list_13_7_4,0
party_list_13_7_5,0
party_list_13_7_6,0
party_list_13_7_7,0
party_list_13_7_8,0
party_list_13_7_9,0
party_list_13_7_10,0
party_list_13_7_11,0
party_list_13_7_12,0
party_list_13_7_13,0
party_list_13_7_14,0
party_list_13_7_15,0
party_list_13_7_16,0
party_list_13_7_17,0
party_list_13_7_18,0
party_list_13_7_19,0
party_list_13_7_20,0
party_list_13_7_21,0
party_list_13_7_22,0
party_list_13_7_23,0
party_list_13_7_24,0
party_list_13_7_25,0
party_list_13_7_26,0
party_list_13_7_27,0
party_list_13_7_28,0
party_list_13_7_29,0
party_list_13_7_30,0
party_list_13_7_31,0
party_list_13_7_32,0
party_list_13_7_33,0
party_list_13_7_34,0
party_list_13_7_35,0
party_list_13_7_36,0
party_list_13_7_37,0
party_list_13_7_38,0
party_list_13_7_39,0
party_list_13_7_40,0
party_list_13_7_41,0
party_list_13_7_42,0
party_list_13_7_43,0
party_list_13_7_44,0
party_list_13_7_45,0
party_list_13_7_46,0
party_list_13_7_47,0
party_list_13_7_48,0
party_list_13_7_49,0
party_list_13_7_50,0
party_list_13_7_51,0
party_list_13_7_52,0
party_list_13_7_53,0
party_list_13_7_54,0
party_list_13_7_55,0
party_list_13_7_56,0
party_list_13_7_57,0
party_list_13_8_1,0
party_list_13_8_2,0
party_list_13_8_3,0
party_list_13_8_4,0
party_list_13_8_5,0
party_list_13_8_6,0
party_list_13_8_7,0
party_list_13_8_8,0
party_list_13_8_9,0
party_list_13_8_10,0
party_list_13_8_11,0
party_list_13_8_12,0
party_list_13_8_13,0
party_list_13_8_14,0
party_list_13_8_15,0
party_list_13_8_16,0
party_list_13_8_17,0
party_list_13_8_18,0
party_list_13_8_19,0
party_list_13_8_20,0
party_list_13_8_21,0
party_list_13_8_22,0
party_list_13_8_23,0
party_list_13_8_24,0
party_list_13_8_25,0
party_list_13_8_26,0
party_list_13_8_27,0
party_list_13_8_28,0
party_list_13_8_29,0
party_list_13_8_30,0
party_list_13_8_31,0
party_list_13_8_32,0
party_list_13_8_33,0
party_list_13_8_34,0
party_list_13_8_35,0
party_list_13_8_36,0
party_list_13_8_37,0
party_list_13_8_38,0
party_list_13_8_39,0
party_list_13_8_40,0
party_list_13_8_41,0
party_list_13_8_42,0
party_list_13_8_43,0
party_list_13_8_44,0
party_list_13_8_45,0
party_list_13_8_46,0
party_list_13_8_47,0
party_list_13_8_48,0
party_list_13_8_49,0
party_list_13_8_50,0
party_list_13_8_51,0
party_list_13_8_52,0
party_list_13_8_53,0
party_list_13_8_54,0
party_list_13_8_55,0
party_list_13_8_56,0
party_list_13_8_57,0
party_list_14_1_1,495
party_list_14_1_2,1015
party_list_14_1_3,727
party_list_14_1_4,158
party_list_14_1_5,681
party_list_14_1_6,4898
party_list_14_1_7,204
party_list_14_1_8,537
party_list_14_1_9,8930
party_list_14_1_10,504
party_list_14_1_11,3154
party_list_14_1_12,572
party_list_14_1_13,705
party_list_14_1_14,265
party_list_14_1_15,67
party_list_14_1_16,186
party_list_14_1_17,107
party_list_14_1_18,29
party_list_14_1_19,35
party_list_14_1_20,35
party_list_14_1_21,48
party_list_14_1_22,24
party_list_14_1_23,55
party_list_14_1_24,29
party_list_14_1_25,19
party_list_14_1_26,75
party_list_14_1_27,5160
party_list_14_1_28,132
party_list_14_1_29,1029
party_list_14_1_30,91
party_list_14_1_31,104
party_list_14_1_32,83
party_list_14_1_33,206
party_list_14_1_34,120
party_list_14_1_35,216
party_list_14_1_36,250
party_list_14_1_37,25327
party_list_14_1_38,98
party_list_14_1_39,55
party_list_14_1_40,32
party_list_14_1_41,21
party_list_14_1_42,95
party_list_14_1_43,209
party_list_14_1_44,71
party_list_14_1_45,39154
party_list_14_1_46,170
party_list_14_1_47,104
party_list_14_1_48,450
party_list_14_1_49,312
party_list_14_1_50,9
party_list_14_1_51,151
party_list_14_1_52,17
party_list_14_1_53,9
party_list_14_1_54,15
party_list_14_1_55,17
party_list_14_1_56,20
party_list_14_1_57,51
party_list_14_2_1,278
party_list_14_2_2,1238
party_list_14_2_3,709
party_list_14_2_4,168
party_list_14_2_5,816
party_list_14_2_6,2673
party_list_14_2_7,2402
party_list_14_2_8,564
party_list_14_2_9,11633
party_list_14_2_10,575
party_list_14_2_11,3706
party_list_14_2_12,499
party_list_14_2_13,810
party_list_14_2_14,169
party_list_14_2_15,87
party_list_14_2_16,244
party_list_14_2_17,34
party_list_14_2_18,36
party_list_14_2_19,46
party_list_14_2_20,43
party_list_14_2_21,67
party_list_14_2_22,46
party_list_14_2_23,46
party_list_14_2_24,37
party_list_14_2_25,0
party_list_14_2_26,59
party_list_14_2_27,4231
party_list_14_2_28,176
party_list_14_2_29,581
party_list_14_2_30,106
party_list_14_2_31,103
party_list_14_2_32,107
party_list_14_2_33,146
party_list_14_2_34,150
party_list_14_2_35,182
party_list_14_2_36,306
party_list_14_2_37,25406
party_list_14_2_38,0
party_list_14_2_39,58
party_list_14_2_40,49
party_list_14_2_41,28
party_list_14_2_42,171
party_list_14_2_43,225
party_list_14_2_44,157
party_list_14_2_45,60
party_list_14_2_46,31722
party_list_14_2_47,249
party_list_14_2_48,358
party_list_14_2_49,337
party_list_14_2_50,11
party_list_14_2_51,61
party_list_14_2_52,115
party_list_14_2_53,17
party_list_14_2_54,26
party_list_14_2_55,24
party_list_14_2_56,33
party_list_14_2_57,89
party_list_14_3_1,0
party_list_14_3_2,0
party_list_14_3_3,0
party_list_14_3_4,0
party_list_14_3_5,0
party_list_14_3_6,0
party_list_14_3_7,0
party_list_14_3_8,0
party_list_14_3_9,0
party_list_14_3_10,0
party_list_14_3_11,0
party_list_14_3_12,0
party_list_14_3_13,0
party_list_14_3_14,0
party_list_14_3_15,0
party_list_14_3_16,0
party_list_14_3_17,0
party_list_14_3_18,0
party_list_14_3_19,0
party_list_14_3_20,0
party_list_14_3_21,0
party_list_14_3_22,0
party_list_14_3_23,0
party_list_14_3_24,0
party_list_14_3_25,0
party_list_14_3_26,0
party_list_14_3_27,0
party_list_14_3_28,0
party_list_14_3_29,0
party_list_14_3_30,0
party_list_14_3_31,0
party_list_14_3_32,0
party_list_14_3_33,0
party_list_14_3_34,0
party_list_14_3_35,0
party_list_14_3_36,0
party_list_14_3_37,0
party_list_14_3_38,0
party_list_14_3_39,0
party_list_14_3_40,0
party_list_14_3_41,0
party_list_14_3_42,0
party_list_14_3_43,0
party_list_14_3_44,0
party_list_14_3_45,0
party_list_14_3_46,0
party_list_14_3_47,0
party_list_14_3_48,0
party_list_14_3_49,0
party_list_14_3_50,0
party_list_14_3_51,0
party_list_14_3_52,0
party_list_14_3_53,0
party_list_14_3_54,0
party_list_14_3_55,0
party_list_14_3_56,0
party_list_14_3_57,0
party_list_14_4_1,0
party_list_14_4_2,0
party_list_14_4_3,0
party_list_14_4_4,0
party_list_14_4_5,0
party_list_14_4_6,0
party_list_14_4_7,0
party_list_14_4_8,0
party_list_14_4_9,0
party_list_14_4_10,0
party_list_14_4_11,0
party_list_14_4_12,0
party_list_14_4_13,0
party_list_14_4_14,0
party_list_14_4_15,0
party_list_14_4_16,0
party_list_14_4_17,0
party_list_14_4_18,0
party_list_14_4_19,0
party_list_14_4_20,0
party_list_14_4_21,0
party_list_14_4_22,0
party_list_14_4_23,0
party_list_14_4_24,0
party_list_14_4_25,0
party_list_14_4_26,0
party_list_14_4_27,0
party_list_14_4_28,0
party_list_14_4_29,0
party_list_14_4_30,0
party_list_14_4_31,0
party_list_14_4_32,0
party_list_14_4_33,0
party_list_14_4_34,0
party_list_14_4_35,0
party_list_14_4_36,0
party_list_14_4_37,0
party_list_14_4_38,0
party_list_14_4_39,0
party_list_14_4_40,0
party_list_14_4_41,0
party_list_14_4_42,0
party_list_14_4_43,0
party_list_14_4_44,0
party_list_14_4_45,0
party_list_14_4_46,0
party_list_14_4_47,0
party_list_14_4_48,0
party_list_14_4_49,0
party_list_14_4_50,0
party_list_14_4_51,0
party_list_14_4_52,0
party_list_14_4_53,0
party_list_14_4_54,0
party_list_14_4_55,0
party_list_14_4_56,0
party_list_14_4_57,0
party_list_14_5_1,278
party_list_14_5_2,1531
party_list_14_5_3,315
party_list_14_5_4,431
party_list_14_5_5,864
party_list_14_5_6,3644
party_list_14_5_7,1778
party_list_14_5_8,535
party_list_14_5_9,16684
party_list_14_5_10,569
party_list_14_5_11,2963
party_list_14_5_12,538
party_list_14_5_13,700
party_list_14_5_14,384
party_list_14_5_15,87
party_list_14_5_16,303
party_list_14_5_17,137
party_list_14_5_18,23
party_list_14_5_19,39
party_list_14_5_20,34
party_list_14_5_21,41
party_list_14_5_22,35
party_list_14_5_23,61
party_list_14_5_24,31
party_list_14_5_25,74
party_list_14_5_26,3487
party_list_14_5_27,148
party_list_14_5_28,510
party_list_14_5_29,73
party_list_14_5_30,161
party_list_14_5_31,0
party_list_14_5_32,105
party_list_14_5_33,172
party_list_14_5_34,143
party_list_14_5_35,198
party_list_14_5_36,321
party_list_14_5_37,298
party_list_14_5_38,194
party_list_14_5_39,57
party_list_14_5_40,42
party_list_14_5_41,121
party_list_14_5_42,177
party_list_14_5_43,80
party_list_14_5_44,54
party_list_14_5_45,30671
party_list_14_5_46,234
party_list_14_5_47,0
party_list_14_5_48,428
party_list_14_5_49,185
party_list_14_5_50,10
party_list_14_5_51,96
party_list_14_5_52,83
party_list_14_5_53,14
party_list_14_5_54,18
party_list_14_5_55,30
party_list_14_5_56,25
party_list_14_5_57,79
party_list_15_1_1,0
party_list_15_1_2,0
party_list_15_1_3,0
party_list_15_1_4,0
party_list_15_1_5,0
party_list_15_1_6,0
party_list_15_1_7,0
party_list_15_1_8,0
party_list_15_1_9,0
party_list_15_1_10,0
party_list_15_1_11,0
party_list_15_1_12,0
party_list_15_1_13,0
party_list_15_1_14,0
party_list_15_1_15,0
party_list_15_1_16,0
party_list_15_1_17,0
party_list_15_1_18,0
party_list_15_1_19,0
party_list_15_1_20,0
party_list_15_1_21,0
party_list_15_1_22,0
party_list_15_1_23,0
party_list_15_1_24,0
party_list_15_1_25,0
party_list_15_1_26,0
party_list_15_1_27,0
party_list_15_1_28,0
party_list_15_1_29,0
party_list_15_1_30,0
party_list_15_1_31,0
party_list_15_1_32,0
party_list_15_1_33,0
party_list_15_1_34,0
party_list_15_1_35,0
party_list_15_1_36,0
party_list_15_1_37,0
party_list_15_1_38,0
party_list_15_1_39,0
party_list_15_1_40,0
party_list_15_1_41,0
party_list_15_1_42,0
party_list_15_1_43,0
party_list_15_1_44,0
party_list_15_1_45,0
party_list_15_1_46,0
party_list_15_1_47,0
party_list_15_1_48,0
party_list_15_1_49,0
party_list_15_1_50,0
party_list_15_1_51,0
party_list_15_1_52,0
party_list_15_1_53,0
party_list_15_1_54,0
party_list_15_1_55,0
party_list_15_1_56,0
party_list_15_1_57,0
party_list_15_2_1,0
party_list_15_2_2,0
party_list_15_2_3,0
party_list_15_2_4,0
party_list_15_2_5,0
party_list_15_2_6,0
party_list_15_2_7,0
party_list_15_2_8,0
party_list_15_2_9,0
party_list_15_2_10,0
party_list_15_2_11,0
party_list_15_2_12,0
party_list_15_2_13,0
party_list_15_2_14,0
party_list_15_2_15,0
party_list_15_2_16,0
party_list_15_2_17,0
party_list_15_2_18,0
party_list_15_2_19,0
party_list_15_2_20,0
party_list_15_2_21,0
party_list_15_2_22,0
party_list_15_2_23,0
party_list_15_2_24,0
party_list_15_2_25,0
party_list_15_2_26,0
party_list_15_2_27,0
party_list_15_2_28,0
party_list_15_2_29,0
party_list_15_2_30,0
party_list_15_2_31,0
party_list_15_2_32,0
party_list_15_2_33,0
party_list_15_2_34,0
party_list_15_2_35,0
party_list_15_2_36,0
party_list_15_2_37,0
party_list_15_2_38,0
party_list_15_2_39,0
party_list_15_2_40,0
party_list_15_2_41,0
party_list_15_2_42,0
party_list_15_2_43,0
party_list_15_2_44,0
party_list_15_2_45,0
party_list_15_2_46,0
party_list_15_2_47,0
party_list_15_2_48,0
party_list_15_2_49,0
party_list_15_2_50,0
party_list_15_2_51,0
party_list_15_2_52,0
party_list_15_2_53,0
party_list_15_2_54,0
party_list_15_2_55,0
party_list_15_2_56,0
party_list_15_2_57,0
party_list_16_1_1,0
party_list_16_1_2,0
party_list_16_1_3,0
party_list_16_1_4,0
party_list_16_1_5,0
party_list_16_1_6,0
party_list_16_1_7,0
party_list_16_1_8,0
party_list_16_1_9,0
party_list_16_1_10,0
party_list_16_1_11,0
party_list_16_1_12,0
party_list_16_1_13,0
party_list_16_1_14,0
party_list_16_1_15,0
party_list_16_1_16,0
party_list_16_1_17,0
party_list_16_1_18,0
party_list_16_1_19,0
party_list_16_1_20,0
party_list_16_1_21,0
party_list_16_1_22,0
party_list_16_1_23,0
party_list_16_1_24,0
party_list_16_1_25,0
party_list_16_1_26,0
party_list_16_1_27,0
party_list_16_1_28,0
party_list_16_1_29,0
party_list_16_1_30,0
party_list_16_1_31,0
party_list_16_1_32,0
party_list_16_1_33,0
party_list_16_1_34,0
party_list_16_1_35,0
party_list_16_1_36,0
party_list_16_1_37,0
party_list_16_1_38,0
party_list_16_1_39,0
party_list_16_1_40,0
party_list_16_1_41,0
party_list_16_1_42,0
party_list_16_1_43,0
party_list_16_1_44,0
party_list_16_1_45,0
party_list_16_1_46,0
party_list_16_1_47,0
party_list_16_1_48,0
party_list_16_1_49,0
party_list_16_1_50,0
party_list_16_1_51,0
party_list_16_1_52,0
party_list_16_1_53,0
party_list_16_1_54,0
party_list_16_1_55,0
party_list_16_1_56,0
party_list_16_1_57,0
party_list_16_2_1,0
party_list_16_2_2,0
party_list_16_2_3,0
party_list_16_2_4,0
party_list_16_2_5,0
party_list_16_2_6,0
party_list_16_2_7,0
party_list_16_2_8,0
party_list_16_2_9,0
party_list_16_2_10,0
party_list_16_2_11,0
party_list_16_2_12,0
party_list_16_2_13,0
party_list_16_2_14,0
party_list_16_2_15,0
party_list_16_2_16,0
party_list_16_2_17,0
party_list_16_2_18,0
party_list_16_2_19,0
party_list_16_2_20,0
party_list_16_2_21,0
party_list_16_2_22,0
party_list_16_2_23,0
party_list_16_2_24,0
party_list_16_2_25,0
party_list_16_2_26,0
party_list_16_2_27,0
party_list_16_2_28,0
party_list_16_2_29,0
party_list_16_2_30,0
party_list_16_2_31,0
party_list_16_2_32,0
party_list_16_2_33,0
party_list_16_2_34,0
party_list_16_2_35,0
party_list_16_2_36,0
party_list_16_2_37,0
party_list_16_2_38,0
party_list_16_2_39,0
party_list_16_2_40,0
party_list_16_2_41,0
party_list_16_2_42,0
party_list_16_2_43,0
party_list_16_2_44,0
party_list_16_2_45,0
party_list_16_2_46,0
party_list_16_2_47,0
party_list_16_2_48,0
party_list_16_2_49,0
party_list_16_2_50,0
party_list_16_2_51,0
party_list_16_2_52,0
party_list_16_2_53,0
party_list_16_2_54,0
party_list_16_2_55,0
party_list_16_2_56,0
party_list_16_2_57,0
party_list_16_3_1,0
party_list_16_3_2,0
party_list_16_3_3,0
party_list_16_3_4,0
party_list_16_3_5,0
party_list_16_3_6,0
party_list_16_3_7,0
party_list_16_3_8,0
party_list_16_3_9,0
party_list_16_3_10,0
party_list_16_3_11,0
party_list_16_3_12,0
party_list_16_3_13,0
party_list_16_3_14,0
party_list_16_3_15,0
party_list_16_3_16,0
party_list_16_3_17,0
party_list_16_3_18,0
party_list_16_3_19,0
party_list_16_3_20,0
party_list_16_3_21,0
party_list_16_3_22,0
party_list_16_3_23,0
party_list_16_3_24,0
party_list_16_3_25,0
party_list_16_3_26,0
party_list_16_3_27,0
party_list_16_3_28,0
party_list_16_3_29,0
party_list_16_3_30,0
party_list_16_3_31,0
party_list_16_3_32,0
party_list_16_3_33,0
party_list_16_3_34,0
party_list_16_3_35,0
party_list_16_3_36,0
party_list_16_3_37,0
party_list_16_3_38,0
party_list_16_3_39,0
party_list_16_3_40,0
party_list_16_3_41,0
party_list_16_3_42,0
party_list_16_3_43,0
party_list_16_3_44,0
party_list_16_3_45,0
party_list_16_3_46,0
party_list_16_3_47,0
party_list_16_3_48,0
party_list_16_3_49,0
party_list_16_3_50,0
party_list_16_3_51,0
party_list_16_3_52,0
party_list_16_3_53,0
party_list_16_3_54,0
party_list_16_3_55,0
party_list_16_3_56,0
party_list_16_3_57,0
party_list_16_4_1,0
party_list_16_4_2,0
party_list_16_4_3,0
party_list_16_4_4,0
party_list_16_4_5,0
party_list_16_4_6,0
party_list_16_4_7,0
party_list_16_4_8,0
party_list_16_4_9,0
party_list_16_4_10,0
party_list_16_4_11,0
party_list_16_4_12,0
party_list_16_4_13,0
party_list_16_4_14,0
party_list_16_4_15,0
party_list_16_4_16,0
party_list_16_4_17,0
party_list_16_4_18,0
party_list_16_4_19,0
party_list_16_4_20,0
party_list_16_4_21,0
party_list_16_4_22,0
party_list_16_4_23,0
party_list_16_4_24,0
party_list_16_4_25,0
party_list_16_4_26,0
party_list_16_4_27,0
party_list_16_4_28,0
party_list_16_4_29,0
party_list_16_4_30,0
party_list_16_4_31,0
party_list_16_4_32,0
party_list_16_4_33,0
party_list_16_4_34,0
party_list_16_4_35,0
party_list_16_4_36,0
party_list_16_4_37,0
party_list_16_4_38,0
party_list_16_4_39,0
party_list_16_4_40,0
party_list_16_4_41,0
party_list_16_4_42,0
party_list_16_4_43,0
party_list_16_4_44,0
party_list_16_4_45,0
party_list_16_4_46,0
party_list_16_4_47,0
party_list_16_4_48,0
party_list_16_4_49,0
party_list_16_4_50,0
party_list_16_4_51,0
party_list_16_4_52,0
party_list_16_4_53,0
party_list_16_4_54,0
party_list_16_4_55,0
party_list_16_4_56,0
party_list_16_4_57,0
party_list_17_1_1,0
party_list_17_1_2,0
party_list_17_1_3,0
party_list_17_1_4,0
party_list_17_1_5,0
party_list_17_1_6,0
party_list_17_1_7,0
party_list_17_1_8,0
party_list_17_1_9,0
party_list_17_1_10,0
party_list_17_1_11,0
party_list_17_1_12,0
party_list_17_1_13,0
party_list_17_1_14,0
party_list_17_1_15,0
party_list_17_1_16,0
party_list_17_1_17,0
party_list_17_1_18,0
party_list_17_1_19,0
party_list_17_1_20,0
party_list_17_1_21,0
party_list_17_1_22,0
party_list_17_1_23,0
party_list_17_1_24,0
party_list_17_1_25,0
party_list_17_1_26,0
party_list_17_1_27,0
party_list_17_1_28,0
party_list_17_1_29,0
party_list_17_1_30,0
party_list_17_1_31,0
party_list_17_1_32,0
party_list_17_1_33,0
party_list_17_1_34,0
party_list_17_1_35,0
party_list_17_1_36,0
party_list_17_1_37,0
party_list_17_1_38,0
party_list_17_1_39,0
party_list_17_1_40,0
party_list_17_1_41,0
party_list_17_1_42,0
party_list_17_1_43,0
party_list_17_1_44,0
party_list_17_1_45,0
party_list_17_1_46,0
party_list_17_1_47,0
party_list_17_1_48,0
party_list_17_1_49,0
party_list_17_1_50,0
party_list_17_1_51,0
party_list_17_1_52,0
party_list_17_1_53,0
party_list_17_1_54,0
party_list_17_1_55,0
party_list_17_1_56,0
party_list_17_1_57,0
party_list_18_1_1,0
party_list_18_1_2,0
party_list_18_1_3,0
party_list_18_1_4,0
party_list_18_1_5,0
party_list_18_1_6,0
party_list_18_1_7,0
party_list_18_1_8,0
party_list_18_1_9,0
party_list_18_1_10,0
party_list_18_1_11,0
party_list_18_1_12,0
party_list_18_1_13,0
party_list_18_1_14,0
party_list_18_1_15,0
party_list_18_1_16,0
party_list_18_1_17,0
party_list_18_1_18,0
party_list_18_1_19,0
party_list_18_1_20,0
party_list_18_1_21,0
party_list_18_1_22,0
party_list_18_1_23,0
party_list_18_1_24,0
party_list_18_1_25,0
party_list_18_1_26,0
party_list_18_1_27,0
party_list_18_1_28,0
party_list_18_1_29,0
party_list_18_1_30,0
party_list_18_1_31,0
party_list_18_1_32,0
party_list_18_1_33,0
party_list_18_1_34,0
party_list_18_1_35,0
party_list_18_1_36,0
party_list_18_1_37,0
party_list_18_1_38,0
party_list_18_1_39,0
party_list_18_1_40,0
party_list_18_1_41,0
party_list_18_1_42,0
party_list_18_1_43,0
party_list_18_1_44,0
party_list_18_1_45,0
party_list_18_1_46,0
party_list_18_1_47,0
party_list_18_1_48,0
party_list_18_1_49,0
party_list_18_1_50,0
party_list_18_1_51,0
party_list_18_1_52,0
party_list_18_1_53,0
party_list_18_1_54,0
party_list_18_1_55,0
party_list_18_1_56,0
party_list_18_1_57,0
party_list_18_2_1,0
party_list_18_2_2,0
party_list_18_2_3,0
party_list_18_2_4,0
party_list_18_2_5,0
party_list_18_2_6,0
party_list_18_2_7,0
party_list_18_2_8,0
party_list_18_2_9,0
party_list_18_2_10,0
party_list_18_2_11,0
party_list_18_2_12,0
party_list_18_2_13,0
party_list_18_2_14,0
party_list_18_2_15,0
party_list_18_2_16,0
party_list_18_2_17,0
party_list_18_2_18,0
party_list_18_2_19,0
party_list_18_2_20,0
party_list_18_2_21,0
party_list_18_2_22,0
party_list_18_2_23,0
party_list_18_2_24,0
party_list_18_2_25,0
party_list_18_2_26,0
party_list_18_2_27,0
party_list_18_2_28,0
party_list_18_2_29,0
party_list_18_2_30,0
party_list_18_2_31,0
party_list_18_2_32,0
party_list_18_2_33,0
party_list_18_2_34,0
party_list_18_2_35,0
party_list_18_2_36,0
party_list_18_2_37,0
party_list_18_2_38,0
party_list_18_2_39,0
party_list_18_2_40,0
party_list_18_2_41,0
party_list_18_2_42,0
party_list_18_2_43,0
party_list_18_2_44,0
party_list_18_2_45,0
party_list_18_2_46,0
party_list_18_2_47,0
party_list_18_2_48,0
party_list_18_2_49,0
party_list_18_2_50,0
party_list_18_2_51,0
party_list_18_2_52,0
party_list_18_2_53,0
party_list_18_2_54,0
party_list_18_2_55,0
party_list_18_2_56,0
party_list_18_2_57,0
party_list_19_1_1,0
party_list_19_1_2,0
party_list_19_1_3,0
party_list_19_1_4,0
party_list_19_1_5,0
party_list_19_1_6,0
party_list_19_1_7,0
party_list_19_1_8,0
party_list_19_1_9,0
party_list_19_1_10,0
party_list_19_1_11,0
party_list_19_1_12,0
party_list_19_1_13,0
party_list_19_1_14,0
party_list_19_1_15,0
party_list_19_1_16,0
party_list_19_1_17,0
party_list_19_1_18,0
party_list_19_1_19,0
party_list_19_1_20,0
party_list_19_1_21,0
party_list_19_1_22,0
party_list_19_1_23,0
party_list_19_1_24,0
party_list_19_1_25,0
party_list_19_1_26,0
party_list_19_1_27,0
party_list_19_1_28,0
party_list_19_1_29,0
party_list_19_1_30,0
party_list_19_1_31,0
party_list_19_1_32,0
party_list_19_1_33,0
party_list_19_1_34,0
party_list_19_1_35,0
party_list_19_1_36,0
party_list_19_1_37,0
party_list_19_1_38,0
party_list_19_1_39,0
party_list_19_1_40,0
party_list_19_1_41,0
party_list_19_1_42,0
party_list_19_1_43,0
party_list_19_1_44,0
party_list_19_1_45,0
party_list_19_1_46,0
party_list_19_1_47,0
party_list_19_1_48,0
party_list_19_1_49,0
party_list_19_1_50,0
party_list_19_1_51,0
party_list_19_1_52,0
party_list_19_1_53,0
party_list_19_1_54,0
party_list_19_1_55,0
party_list_19_1_56,0
party_list_19_1_57,0
party_list_19_2_1,433
party_list_19_2_2,1885
party_list_19_2_3,431
party_list_19_2_4,574
party_list_19_2_5,4710
party_list_19_2_6,2640
party_list_19_2_7,237
party_list_19_2_8,2669
party_list_19_2_9,15188
party_list_19_2_10,632
party_list_19_2_11,4258
party_list_19_2_12,645
party_list_19_2_13,743
party_list_19_2_14,125
party_list_19_2_15,131
party_list_19_2_16,51
party_list_19_2_17,67
party_list_19_2_18,58
party_list_19_2_19,43
party_list_19_2_20,54
party_list_19_2_21,57
party_list_19_2_22,160
party_list_19_2_23,71
party_list_19_2_24,57
party_list_19_2_25,96
party_list_19_2_26,4094
party_list_19_2_27,0
party_list_19_2_28,251
party_list_19_2_29,587
party_list_19_2_30,150
party_list_19_2_31,119
party_list_19_2_32,156
party_list_19_2_33,257
party_list_19_2_34,196
party_list_19_2_35,150
party_list_19_2_36,0
party_list_19_2_37,17661
party_list_19_2_38,206
party_list_19_2_39,77
party_list_19_2_40,59
party_list_19_2_41,48
party_list_19_2_42,220
party_list_19_2_43,196
party_list_19_2_44,74
party_list_19_2_45,95
party_list_19_2_46,34912
party_list_19_2_47,194
party_list_19_2_48,414
party_list_19_2_49,601
party_list_19_2_50,16
party_list_19_2_51,67
party_list_19_2_52,20
party_list_19_2_53,21
party_list_19_2_54,30
party_list_19_2_55,35
party_list_19_2_56,37
party_list_19_2_57,83
party_list_19_3_1,0
party_list_19_3_2,0
party_list_19_3_3,0
party_list_19_3_4,0
party_list_19_3_5,0
party_list_19_3_6,0
party_list_19_3_7,0
party_list_19_3_8,0
party_list_19_3_9,0
party_list_19_3_10,0
party_list_19_3_11,0
party_list_19_3_12,0
party_list_19_3_13,0
party_list_19_3_14,0
party_list_19_3_15,0
party_list_19_3_16,0
party_list_19_3_17,0
party_list_19_3_18,0
party_list_19_3_19,0
party_list_19_3_20,0
party_list_19_3_21,0
party_list_19_3_22,0
party_list_19_3_23,0
party_list_19_3_24,0
party_list_19_3_25,0
party_list_19_3_26,0
party_list_19_3_27,0
party_list_19_3_28,0
party_list_19_3_29,0
party_list_19_3_30,0
party_list_19_3_31,0
party_list_19_3_32,0
party_list_19_3_33,0
party_list_19_3_34,0
party_list_19_3_35,0
party_list_19_3_36,0
party_list_19_3_37,0
party_list_19_3_38,0
party_list_19_3_39,0
party_list_19_3_40,0
party_list_19_3_41,0
party_list_19_3_42,0
party_list_19_3_43,0
party_list_19_3_44,0
party_list_19_3_45,0
party_list_19_3_46,0
party_list_19_3_47,0
party_list_19_3_48,0
party_list_19_3_49,0
party_list_19_3_50,0
party_list_19_3_51,0
party_list_19_3_52,0
party_list_19_3_53,0
party_list_19_3_54,0
party_list_19_3_55,0
party_list_19_3_56,0
party_list_19_3_57,0
party_list_19_4_1,0
party_list_19_4_2,0
party_list_19_4_3,0
party_list_19_4_4,0
party_list_19_4_5,0
party_list_19_4_6,0
party_list_19_4_7,0
party_list_19_4_8,0
party_list_19_4_9,0
party_list_19_4_10,0
party_list_19_4_11,0
party_list_19_4_12,0
party_list_19_4_13,0
party_list_19_4_14,0
party_list_19_4_15,0
party_list_19_4_16,0
party_list_19_4_17,0
party_list_19_4_18,0
party_list_19_4_19,0
party_list_19_4_20,0
party_list_19_4_21,0
party_list_19_4_22,0
party_list_19_4_23,0
party_list_19_4_24,0
party_list_19_4_25,0
party_list_19_4_26,0
party_list_19_4_27,0
party_list_19_4_28,0
party_list_19_4_29,0
party_list_19_4_30,0
party_list_19_4_31,0
party_list_19_4_32,0
party_list_19_4_33,0
party_list_19_4_34,0
party_list_19_4_35,0
party_list_19_4_36,0
party_list_19_4_37,0
party_list_19_4_38,0
party_list_19_4_39,0
party_list_19_4_40,0
party_list_19_4_41,0
party_list_19_4_42,0
party_list_19_4_43,0
party_list_19_4_44,0
party_list_19_4_45,0
party_list_19_4_46,0
party_list_19_4_47,0
party_list_19_4_48,0
party_list_19_4_49,0
party_list_19_4_50,0
party_list_19_4_51,0
party_list_19_4_52,0
party_list_19_4_53,0
party_list_19_4_54,0
party_list_19_4_55,0
party_list_19_4_56,0
party_list_19_4_57,0
party_list_20_1_1,1413
party_list_20_1_2,745
party_list_20_1_3,173
party_list_20_1_4,95
party_list_20_1_5,525
party_list_20_1_6,2683
party_list_20_1_7,244
party_list_20_1_8,340
party_list_20_1_9,5288
party_list_20_1_10,469
party_list_20_1_11,2577
party_list_20_1_12,534
party_list_20_1_13,336
party_list_20_1_14,30
party_list_20_1_15,36
party_list_20_1_16,97
party_list_20_1_17,70
party_list_20_1_18,17
party_list_20_1_19,21
party_list_20_1_20,33
party_list_20_1_21,17
party_list_20_1_22,58
party_list_20_1_23,36
party_list_20_1_24,19
party_list_20_1_25,41
party_list_20_1_26,5570
party_list_20_1_27,79
party_list_20_1_28,1515
party_list_20_1_29,125
party_list_20_1_30,87
party_list_20_1_31,258
party_list_20_1_32,45
party_list_20_1_33,64
party_list_20_1_34,64
party_list_20_1_35,101
party_list_20_1_36,110
party_list_20_1_37,28747
party_list_20_1_38,53
party_list_20_1_39,47
party_list_20_1_40,15
party_list_20_1_41,12
party_list_20_1_42,103
party_list_20_1_43,277
party_list_20_1_44,43
party_list_20_1_45,56
party_list_20_1_46,44014
party_list_20_1_47,258
party_list_20_1_48,402
party_list_20_1_49,381
party_list_20_1_50,4
party_list_20_1_51,36
party_list_20_1_52,5
party_list_20_1_53,3
party_list_20_1_54,16
party_list_20_1_55,6
party_list_20_1_56,16
party_list_20_1_57,26
party_list_20_10_1,0
party_list_20_10_2,0
party_list_20_10_3,0
party_list_20_10_4,0
party_list_20_10_5,0
party_list_20_10_6,0
party_list_20_10_7,0
party_list_20_10_8,0
party_list_20_10_9,0
party_list_20_10_10,0
party_list_20_10_11,0
party_list_20_10_12,0
party_list_20_10_13,0
party_list_20_10_14,0
party_list_20_10_15,0
party_list_20_10_16,0
party_list_20_10_17,0
party_list_20_10_18,0
party_list_20_10_19,0
party_list_20_10_20,0
party_list_20_10_21,0
party_list_20_10_22,0
party_list_20_10_23,0
party_list_20_10_24,0
party_list_20_10_25,0
party_list_20_10_26,0
party_list_20_10_27,0
party_list_20_10_28,0
party_list_20_10_29,0
party_list_20_10_30,0
party_list_20_10_31,0
party_list_20_10_32,0
party_list_20_10_33,0
party_list_20_10_34,0
party_list_20_10_35,0
party_list_20_10_36,0
party_list_20_10_37,0
party_list_20_10_38,0
party_list_20_10_39,0
party_list_20_10_40,0
party_list_20_10_41,0
party_list_20_10_42,0
party_list_20_10_43,0
party_list_20_10_44,0
party_list_20_10_45,0
party_list_20_10_46,0
party_list_20_10_47,0
party_list_20_10_48,0
party_list_20_10_49,0
party_list_20_10_50,0
party_list_20_10_51,0
party_list_20_10_52,0
party_list_20_10_53,0
party_list_20_10_54,0
party_list_20_10_55,0
party_list_20_10_56,0
party_list_20_10_57,0
party_list_20_2_1,0
party_list_20_2_2,0
party_list_20_2_3,0
party_list_20_2_4,0
party_list_20_2_5,0
party_list_20_2_6,0
party_list_20_2_7,0
party_list_20_2_8,0
party_list_20_2_9,0
party_list_20_2_10,0
party_list_20_2_11,0
party_list_20_2_12,0
party_list_20_2_13,0
party_list_20_2_14,0
party_list_20_2_15,0
party_list_20_2_16,0
party_list_20_2_17,0
party_list_20_2_18,0
party_list_20_2_19,0
party_list_20_2_20,0
party_list_20_2_21,0
party_list_20_2_22,0
party_list_20_2_23,0
party_list_20_2_24,0
party_list_20_2_25,0
party_list_20_2_26,0
party_list_20_2_27,0
party_list_20_2_28,0
party_list_20_2_29,0
party_list_20_2_30,0
party_list_20_2_31,0
party_list_20_2_32,0
party_list_20_2_33,0
party_list_20_2_34,0
party_list_20_2_35,0
party_list_20_2_36,0
party_list_20_2_37,0
party_list_20_2_38,0
party_list_20_2_39,0
party_list_20_2_40,0
party_list_20_2_41,0
party_list_20_2_42,0
party_list_20_2_43,0
party_list_20_2_44,0
party_list_20_2_45,0
party_list_20_2_46,0
party_list_20_2_47,0
party_list_20_2_48,0
party_list_20_2_49,0
party_list_20_2_50,0
party_list_20_2_51,0
party_list_20_2_52,0
party_list_20_2_53,0
party_list_20_2_54,0
party_list_20_2_55,0
party_list_20_2_56,0
party_list_20_2_57,0
party_list_20_3_1,0
party_list_20_3_2,0
party_list_20_3_3,5574
party_list_20_3_4,0
party_list_20_3_5,0
party_list_20_3_6,0
party_list_20_3_7,0
party_list_20_3_8,0
party_list_20_3_9,5574
party_list_20_3_10,481
party_list_20_3_11,3702
party_list_20_3_12,593
party_list_20_3_13,506
party_list_20_3_14,110
party_list_20_3_15,59
party_list_20_3_16,81
party_list_20_3_17,119
party_list_20_3_18,19
party_list_20_3_19,192
party_list_20_3_20,56
party_list_20_3_21,40
party_list_20_3_22,42
party_list_20_3_23,41
party_list_20_3_24,17
party_list_20_3_25,0
party_list_20_3_26,64
party_list_20_3_27,6541
party_list_20_3_28,121
party_list_20_3_29,718
party_list_20_3_30,79
party_list_20_3_31,166
party_list_20_3_32,107
party_list_20_3_33,87
party_list_20_3_34,95
party_list_20_3_35,111
party_list_20_3_36,21635
party_list_20_3_37,62
party_list_20_3_38,45
party_list_20_3_39,27
party_list_20_3_40,16
party_list_20_3_41,317
party_list_20_3_42,209
party_list_20_3_43,39
party_list_20_3_44,48
party_list_20_3_45,0
party_list_20_3_46,40642
party_list_20_3_47,166
party_list_20_3_48,441
party_list_20_3_49,267
party_list_20_3_50,3
party_list_20_3_51,58
party_list_20_3_52,6
party_list_20_3_53,11
party_list_20_3_54,20
party_list_20_3_55,18
party_list_20_3_56,46
party_list_20_3_57,39
party_list_20_4_1,0
party_list_20_4_2,4918
party_list_20_4_3,0
party_list_20_4_4,0
party_list_20_4_5,0
party_list_20_4_6,0
party_list_20_4_7,108
party_list_20_4_8,709
party_list_20_4_9,4918
party_list_20_4_10,432
party_list_20_4_11,3589
party_list_20_4_12,472
party_list_20_4_13,548
party_list_20_4_14,41
party_list_20_4_15,64
party_list_20_4_16,160
party_list_20_4_17,146
party_list_20_4_18,31
party_list_20_4_19,64
party_list_20_4_20,29
party_list_20_4_21,48
party_list_20_4_22,81
party_list_20_4_23,59
party_list_20_4_24,44
party_list_20_4_25,116
party_list_20_4_26,9686
party_list_20_4_27,109
party_list_20_4_28,748
party_list_20_4_29,110
party_list_20_4_30,165
party_list_20_4_31,81
party_list_20_4_32,96
party_list_20_4_33,234
party_list_20_4_34,217
party_list_20_4_35,0
party_list_20_4_36,110
party_list_20_4_37,20031
party_list_20_4_38,88
party_list_20_4_39,42
party_list_20_4_40,66
party_list_20_4_41,18
party_list_20_4_42,148
party_list_20_4_43,435
party_list_20_4_44,43
party_list_20_4_45,71
party_list_20_4_46,27214
party_list_20_4_47,117
party_list_20_4_48,205
party_list_20_4_49,8
party_list_20_4_50,60
party_list_20_4_51,16
party_list_20_4_52,9
party_list_20_4_53,27
party_list_20_4_54,19
party_list_20_4_55,55
party_list_20_4_56,61
party_list_20_4_57,80879
party_list_20_5_1,261
party_list_20_5_2,1334
party_list_20_5_3,3228
party_list_20_5_4,218
party_list_20_5_5,980
party_list_20_5_6,2926
party_list_20_5_7,501
party_list_20_5_8,731
party_list_20_5_9,8312
party_list_20_5_10,686
party_list_20_5_11,5519
party_list_20_5_12,597
party_list_20_5_13,88
party_list_20_5_14,82
party_list_20_5_15,172
party_list_20_5_16,117
party_list_20_5_17,28
party_list_20_5_18,67
party_list_20_5_19,36
party_list_20_5_20,54
party_list_20_5_21,36
party_list_20_5_22,87
party_list_20_5_23,40
party_list_20_5_24,37
party_list_20_5_25,7356
party_list_20_5_26,142
party_list_20_5_27,881
party_list_20_5_28,161
party_list_20_5_29,136
party_list_20_5_30,179
party_list_20_5_31,150
party_list_20_5_32,134
party_list_20_5_33,119
party_list_20_5_34,213
party_list_20_5_35,24984
party_list_20_5_36,157
party_list_20_5_37,58
party_list_20_5_38,86
party_list_20_5_39,25
party_list_20_5_40,0
party_list_20_5_41,0
party_list_20_5_42,144
party_list_20_5_43,317
party_list_20_5_44,33
party_list_20_5_45,52
party_list_20_5_46,31880
party_list_20_5_47,150
party_list_20_5_48,286
party_list_20_5_49,234
party_list_20_5_50,4
party_list_20_5_51,72
party_list_20_5_52,51
party_list_20_5_53,17
party_list_20_5_54,22
party_list_20_5_55,56
party_list_20_5_56,78
party_list_20_5_57,95056
party_list_20_6_1,0
party_list_20_6_2,5757
party_list_20_6_3,0
party_list_20_6_4,0
party_list_20_6_5,0
party_list_20_6_6,0
party_list_20_6_7,0
party_list_20_6_8,0
party_list_20_6_9,5757
party_list_20_6_10,435
party_list_20_6_11,3001
party_list_20_6_12,564
party_list_20_6_13,508
party_list_20_6_14,24
party_list_20_6_15,65
party_list_20_6_16,121
party_list_20_6_17,50
party_list_20_6_18,38
party_list_20_6_19,76
party_list_20_6_20,19
party_list_20_6_21,52
party_list_20_6_22,27
party_list_20_6_23,71
party_list_20_6_24,37
party_list_20_6_25,19
party_list_20_6_26,98
party_list_20_6_27,5092
party_list_20_6_28,100
party_list_20_6_29,1306
party_list_20_6_30,67
party_list_20_6_31,75
party_list_20_6_32,192
party_list_20_6_33,81
party_list_20_6_34,77
party_list_20_6_35,252
party_list_20_6_36,114
party_list_20_6_37,22453
party_list_20_6_38,119
party_list_20_6_39,35
party_list_20_6_40,22
party_list_20_6_41,175
party_list_20_6_42,262
party_list_20_6_43,34
party_list_20_6_44,42
party_list_20_6_45,0
party_list_20_6_46,42133
party_list_20_6_47,267
party_list_20_6_48,425
party_list_20_6_49,325
party_list_20_6_50,3
party_list_20_6_51,43
party_list_20_6_52,6
party_list_20_6_53,17
party_list_20_6_54,13
party_list_20_6_55,34
party_list_20_6_56,33
party_list_20_6_57,90677
party_list_20_7_1,0
party_list_20_7_2,5514
party_list_20_7_3,0
party_list_20_7_4,0
party_list_20_7_5,0
party_list_20_7_6,0
party_list_20_7_7,0
party_list_20_7_8,349
party_list_20_7_9,5514
party_list_20_7_10,410
party_list_20_7_11,3106
party_list_20_7_12,659
party_list_20_7_13,506
party_list_20_7_14,18
party_list_20_7_15,66
party_list_20_7_16,132
party_list_20_7_17,50
party_list_20_7_18,17
party_list_20_7_19,191
party_list_20_7_20,8
party_list_20_7_21,53
party_list_20_7_22,17
party_list_20_7_23,143
party_list_20_7_24,34
party_list_20_7_25,11
party_list_20_7_26,34
party_list_20_7_27,3589
party_list_20_7_28,107
party_list_20_7_29,523
party_list_20_7_30,0
party_list_20_7_31,69
party_list_20_7_32,49
party_list_20_7_33,69
party_list_20_7_34,63
party_list_20_7_35,115
party_list_20_7_36,166
party_list_20_7_37,17853
party_list_20_7_38,0
party_list_20_7_39,54
party_list_20_7_40,30
party_list_20_7_41,17
party_list_20_7_42,89
party_list_20_7_43,225
party_list_20_7_44,20
party_list_20_7_45,41
party_list_20_7_46,43372
party_list_20_7_47,129
party_list_20_7_48,292
party_list_20_7_49,210
party_list_20_7_50,6
party_list_20_7_51,61
party_list_20_7_52,16
party_list_20_7_53,4
party_list_20_7_54,16
party_list_20_7_55,9
party_list_20_7_56,13
party_list_20_7_57,21
party_list_20_8_1,178
party_list_20_8_2,704
party_list_20_8_3,273
party_list_20_8_4,115
party_list_20_8_5,3357
party_list_20_8_6,1870
party_list_20_8_7,305
party_list_20_8_8,442
party_list_20_8_9,6945
party_list_20_8_10,418
party_list_20_8_11,3317
party_list_20_8_12,914
party_list_20_8_13,538
party_list_20_8_14,44
party_list_20_8_15,71
party_list_20_8_16,131
party_list_20_8_17,97
party_list_20_8_18,27
party_list_20_8_19,78
party_list_20_8_20,20
party_list_20_8_21,46
party_list_20_8_22,22
party_list_20_8_23,75
party_list_20_8_24,37
party_list_20_8_25,25
party_list_20_8_26,43
party_list_20_8_27,4521
party_list_20_8_28,135
party_list_20_8_29,835
party_list_20_8_30,63
party_list_20_8_31,83
party_list_20_8_32,77
party_list_20_8_33,69
party_list_20_8_34,144
party_list_20_8_35,208
party_list_20_8_36,21336
party_list_20_8_37,88
party_list_20_8_38,55
party_list_20_8_39,27
party_list_20_8_40,16
party_list_20_8_41,70
party_list_20_8_42,189
party_list_20_8_43,29
party_list_20_8_44,0
party_list_20_8_45,58
party_list_20_8_46,38807
party_list_20_8_47,260
party_list_20_8_48,407
party_list_20_8_49,266
party_list_20_8_50,10
party_list_20_8_51,64
party_list_20_8_52,10
party_list_20_8_53,15
party_list_20_8_54,22
party_list_20_8_55,17
party_list_20_8_56,24
party_list_20_8_57,46
party_list_20_9_1,0
party_list_20_9_2,0
party_list_20_9_3,0
party_list_20_9_4,0
party_list_20_9_5,0
party_list_20_9_6,0
party_list_20_9_7,0
party_list_20_9_8,0
party_list_20_9_9,0
party_list_20_9_10,0
party_list_20_9_11,0
party_list_20_9_12,0
party_list_20_9_13,0
party_list_20_9_14,0
party_list_20_9_15,0
party_list_20_9_16,0
party_list_20_9_17,0
party_list_20_9_18,0
party_list_20_9_19,0
party_list_20_9_20,0
party_list_20_9_21,0
party_list_20_9_22,0
party_list_20_9_23,0
party_list_20_9_24,0
party_list_20_9_25,0
party_list_20_9_26,0
party_list_20_9_27,0
party_list_20_9_28,0
party_list_20_9_29,0
party_list_20_9_30,0
party_list_20_9_31,0
party_list_20_9_32,0
party_list_20_9_33,0
party_list_20_9_34,0
party_list_20_9_35,0
party_list_20_9_36,0
party_list_20_9_37,0
party_list_20_9_38,0
party_list_20_9_39,0
party_list_20_9_40,0
party_list_20_9_41,0
party_list_20_9_42,0
party_list_20_9_43,0
party_list_20_9_44,0
party_list_20_9_45,0
party_list_20_9_46,0
party_list_20_9_47,0
party_list_20_9_48,0
party_list_20_9_49,0
party_list_20_9_50,0
party_list_20_9_51,0
party_list_20_9_52,0
party_list_20_9_53,0
party_list_20_9_54,0
party_list_20_9_55,0
party_list_20_9_56,0
party_list_20_9_57,0
party_list_21_1_1,0
party_list_21_1_2,0
party_list_21_1_3,0
party_list_21_1_4,0
party_list_21_1_5,0
party_list_21_1_6,0
party_list_21_1_7,0
party_list_21_1_8,0
party_list_21_1_9,0
party_list_21_1_10,0
party_list_21_1_11,0
party_list_21_1_12,0
party_list_21_1_13,0
party_list_21_1_14,0
party_list_21_1_15,0
party_list_21_1_16,0
party_list_21_1_17,0
party_list_21_1_18,0
party_list_21_1_19,0
party_list_21_1_20,0
party_list_21_1_21,0
party_list_21_1_22,0
party_list_21_1_23,0
party_list_21_1_24,0
party_list_21_1_25,0
party_list_21_1_26,0
party_list_21_1_27,0
party_list_21_1_28,0
party_list_21_1_29,0
party_list_21_1_30,0
party_list_21_1_31,0
party_list_21_1_32,0
party_list_21_1_33,0
party_list_21_1_34,0
party_list_21_1_35,0
party_list_21_1_36,0
party_list_21_1_37,0
party_list_21_1_38,0
party_list_21_1_39,0
party_list_21_1_40,0
party_list_21_1_41,0
party_list_21_1_42,0
party_list_21_1_43,0
party_list_21_1_44,0
party_list_21_1_45,0
party_list_21_1_46,0
party_list_21_1_47,0
party_list_21_1_48,0
party_list_21_1_49,0
party_list_21_1_50,0
party_list_21_1_51,0
party_list_21_1_52,0
party_list_21_1_53,0
party_list_21_1_54,0
party_list_21_1_55,0
party_list_21_1_56,0
party_list_21_1_57,0
party_list_21_2_1,0
party_list_21_2_2,0
party_list_21_2_3,0
party_list_21_2_4,0
party_list_21_2_5,0
party_list_21_2_6,0
party_list_21_2_7,0
party_list_21_2_8,0
party_list_21_2_9,0
party_list_21_2_10,0
party_list_21_2_11,0
party_list_21_2_12,0
party_list_21_2_13,0
party_list_21_2_14,0
party_list_21_2_15,0
party_list_21_2_16,0
party_list_21_2_17,0
party_list_21_2_18,0
party_list_21_2_19,0
party_list_21_2_20,0
party_list_21_2_21,0
party_list_21_2_22,0
party_list_21_2_23,0
party_list_21_2_24,0
party_list_21_2_25,0
party_list_21_2_26,0
party_list_21_2_27,0
party_list_21_2_28,0
party_list_21_2_29,0
party_list_21_2_30,0
party_list_21_2_31,0
party_list_21_2_32,0
party_list_21_2_33,0
party_list_21_2_34,0
party_list_21_2_35,0
party_list_21_2_36,0
party_list_21_2_37,0
party_list_21_2_38,0
party_list_21_2_39,0
party_list_21_2_40,0
party_list_21_2_41,0
party_list_21_2_42,0
party_list_21_2_43,0
party_list_21_2_44,0
party_list_21_2_45,0
party_list_21_2_46,0
party_list_21_2_47,0
party_list_21_2_48,0
party_list_21_2_49,0
party_list_21_2_50,0
party_list_21_2_51,0
party_list_21_2_52,0
party_list_21_2_53,0
party_list_21_2_54,0
party_list_21_2_55,0
party_list_21_2_56,0
party_list_21_2_57,0
party_list_21_3_1,0
party_list_21_3_2,0
party_list_21_3_3,0
party_list_21_3_4,0
party_list_21_3_5,0
party_list_21_3_6,0
party_list_21_3_7,0
party_list_21_3_8,0
party_list_21_3_9,0
party_list_21_3_10,0
party_list_21_3_11,0
party_list_21_3_12,0
party_list_21_3_13,0
party_list_21_3_14,0
party_list_21_3_15,0
party_list_21_3_16,0
party_list_21_3_17,0
party_list_21_3_18,0
party_list_21_3_19,0
party_list_21_3_20,0
party_list_21_3_21,0
party_list_21_3_22,0
party_list_21_3_23,0
party_list_21_3_24,0
party_list_21_3_25,0
party_list_21_3_26,0
party_list_21_3_27,0
party_list_21_3_28,0
party_list_21_3_29,0
party_list_21_3_30,0
party_list_21_3_31,0
party_list_21_3_32,0
party_list_21_3_33,0
party_list_21_3_34,0
party_list_21_3_35,0
party_list_21_3_36,0
party_list_21_3_37,0
party_list_21_3_38,0
party_list_21_3_39,0
party_list_21_3_40,0
party_list_21_3_41,0
party_list_21_3_42,0
party_list_21_3_43,0
party_list_21_3_44,0
party_list_21_3_45,0
party_list_21_3_46,0
party_list_21_3_47,0
party_list_21_3_48,0
party_list_21_3_49,0
party_list_21_3_50,0
party_list_21_3_51,0
party_list_21_3_52,0
party_list_21_3_53,0
party_list_21_3_54,0
party_list_21_3_55,0
party_list_21_3_56,0
party_list_21_3_57,0
party_list_21_4_1,0
party_list_21_4_2,0
party_list_21_4_3,0
party_list_21_4_4,0
party_list_21_4_5,0
party_list_21_4_6,0
party_list_21_4_7,0
party_list_21_4_8,0
party_list_21_4_9,0
party_list_21_4_10,0
party_list_21_4_11,0
party_list_21_4_12,0
party_list_21_4_13,0
party_list_21_4_14,0
party_list_21_4_15,0
party_list_21_4_16,0
party_list_21_4_17,0
party_list_21_4_18,0
party_list_21_4_19,0
party_list_21_4_20,0
party_list_21_4_21,0
party_list_21_4_22,0
party_list_21_4_23,0
party_list_21_4_24,0
party_list_21_4_25,0
party_list_21_4_26,0
party_list_21_4_27,0
party_list_21_4_28,0
party_list_21_4_29,0
party_list_21_4_30,0
party_list_21_4_31,0
party_list_21_4_32,233
party_list_21_4_33,136
party_list_21_4_34,86
party_list_21_4_35,104
party_list_21_4_36,116
party_list_21_4_37,19236
party_list_21_4_38,92
party_list_21_4_39,47
party_list_21_4_40,34
party_list_21_4_41,16
party_list_21_4_42,154
party_list_21_4_43,141
party_list_21_4_44,46
party_list_21_4_45,47
party_list_21_4_46,36093
party_list_21_4_47,233
party_list_21_4_48,165
party_list_21_4_49,259
party_list_21_4_50,361
party_list_21_4_51,6
party_list_21_4_52,51
party_list_21_4_53,12
party_list_21_4_54,9
party_list_21_4_55,14
party_list_21_4_56,47
party_list_21_4_57,49
party_list_21_5_1,258
party_list_21_5_2,1078
party_list_21_5_3,343
party_list_21_5_4,152
party_list_21_5_5,2507
party_list_21_5_6,0
party_list_21_5_7,67
party_list_21_5_8,487
party_list_21_5_9,6141
party_list_21_5_10,426
party_list_21_5_11,3122
party_list_21_5_12,504
party_list_21_5_13,525
party_list_21_5_14,24
party_list_21_5_15,55
party_list_21_5_16,94
party_list_21_5_17,69
party_list_21_5_18,17
party_list_21_5_19,28
party_list_21_5_20,18
party_list_21_5_21,53
party_list_21_5_22,21
party_list_21_5_23,40
party_list_21_5_24,47
party_list_21_5_25,26
party_list_21_5_26,89
party_list_21_5_27,6656
party_list_21_5_28,119
party_list_21_5_29,508
party_list_21_5_30,79
party_list_21_5_31,0
party_list_21_5_32,0
party_list_21_5_33,0
party_list_21_5_34,0
party_list_21_5_35,0
party_list_21_5_36,0
party_list_21_5_37,0
party_list_21_5_38,0
party_list_21_5_39,0
party_list_21_5_40,0
party_list_21_5_41,0
party_list_21_5_42,0
party_list_21_5_43,0
party_list_21_5_44,0
party_list_21_5_45,0
party_list_21_5_46,0
party_list_21_5_47,0
party_list_21_5_48,0
party_list_21_5_49,0
party_list_21_5_50,0
party_list_21_5_51,0
party_list_21_5_52,0
party_list_21_5_53,0
party_list_21_5_54,0
party_list_21_5_55,0
party_list_21_5_56,0
party_list_21_5_57,0
party_list_22_1_1,0
party_list_22_1_2,0
party_list_22_1_3,0
party_list_22_1_4,0
party_list_22_1_5,0
party_list_22_1_6,0
party_list_22_1_7,0
party_list_22_1_8,0
party_list_22_1_9,0
party_list_22_1_10,0
party_list_22_1_11,0
party_list_22_1_12,0
party_list_22_1_13,0
party_list_22_1_14,0
party_list_22_1_15,0
party_list_22_1_16,0
party_list_22_1_17,0
party_list_22_1_18,0
party_list_22_1_19,0
party_list_22_1_20,0
party_list_22_1_21,0
party_list_22_1_22,0
party_list_22_1_23,0
party_list_22_1_24,0
party_list_22_1_25,0
party_list_22_1_26,0
party_list_22_1_27,0
party_list_22_1_28,0
party_list_22_1_29,0
party_list_22_1_30,0
party_list_22_1_31,0
party_list_22_1_32,0
party_list_22_1_33,0
party_list_22_1_34,0
party_list_22_1_35,0
party_list_22_1_36,0
party_list_22_1_37,0
party_list_22_1_38,0
party_list_22_1_39,0
party_list_22_1_40,0
party_list_22_1_41,0
party_list_22_1_42,0
party_list_22_1_43,0
party_list_22_1_44,0
party_list_22_1_45,0
party_list_22_1_46,0
party_list_22_1_47,0
party_list_22_1_48,0
party_list_22_1_49,0
party_list_22_1_50,0
party_list_22_1_51,0
party_list_22_1_52,0
party_list_22_1_53,0
party_list_22_1_54,0
party_list_22_1_55,0
party_list_22_1_56,0
party_list_22_1_57,0
party_list_22_2_1,702
party_list_22_2_2,2338
party_list_22_2_3,2874
party_list_22_2_4,772
party_list_22_2_5,801
party_list_22_2_6,2393
party_list_22_2_7,138
party_list_22_2_8,861
party_list_22_2_9,6716
party_list_22_2_10,624
party_list_22_2_11,7366
party_list_22_2_12,455
party_list_22_2_13,571
party_list_22_2_14,134
party_list_22_2_15,77
party_list_22_2_16,162
party_list_22_2_17,177
party_list_22_2_18,19
party_list_22_2_19,53
party_list_22_2_20,40
party_list_22_2_21,43
party_list_22_2_22,37
party_list_22_2_23,82
party_list_22_2_24,86
party_list_22_2_25,146
party_list_22_2_26,10350
party_list_22_2_27,109
party_list_22_2_28,574
party_list_22_2_29,150
party_list_22_2_30,211
party_list_22_2_31,190
party_list_22_2_32,219
party_list_22_2_33,216
party_list_22_2_34,138
party_list_22_2_35,168
party_list_22_2_36,149
party_list_22_2_37,20491
party_list_22_2_38,122
party_list_22_2_39,50
party_list_22_2_40,88
party_list_22_2_41,26
party_list_22_2_42,176
party_list_22_2_43,0
party_list_22_2_44,61
party_list_22_2_45,29101
party_list_22_2_46,0
party_list_22_2_47,190
party_list_22_2_48,954
party_list_22_2_49,175
party_list_22_2_50,9
party_list_22_2_51,55
party_list_22_2_52,44
party_list_22_2_53,8
party_list_22_2_54,16
party_list_22_2_55,18
party_list_22_2_56,62
party_list_22_2_57,83
party_list_22_3_1,0
party_list_22_3_2,0
party_list_22_3_3,0
party_list_22_3_4,0
party_list_22_3_5,0
party_list_22_3_6,0
party_list_22_3_7,0
party_list_22_3_8,0
party_list_22_3_9,0
party_list_22_3_10,0
party_list_22_3_11,0
party_list_22_3_12,0
party_list_22_3_13,0
party_list_22_3_14,0
party_list_22_3_15,0
party_list_22_3_16,0
party_list_22_3_17,0
party_list_22_3_18,0
party_list_22_3_19,0
party_list_22_3_20,0
party_list_22_3_21,0
party_list_22_3_22,0
party_list_22_3_23,0
party_list_22_3_24,0
party_list_22_3_25,0
party_list_22_3_26,0
party_list_22_3_27,0
party_list_22_3_28,0
party_list_22_3_29,0
party_list_22_3_30,0
party_list_22_3_31,0
party_list_22_3_32,0
party_list_22_3_33,0
party_list_22_3_34,0
party_list_22_3_35,0
party_list_22_3_36,0
party_list_22_3_37,0
party_list_22_3_38,0
party_list_22_3_39,0
party_list_22_3_40,0
party_list_22_3_41,0
party_list_22_3_42,0
party_list_22_3_43,0
party_list_22_3_44,0
party_list_22_3_45,0
party_list_22_3_46,0
party_list_22_3_47,0
party_list_22_3_48,0
party_list_22_3_49,0
party_list_22_3_50,0
party_list_22_3_51,0
party_list_22_3_52,0
party_list_22_3_53,0
party_list_22_3_54,0
party_list_22_3_55,0
party_list_22_3_56,0
party_list_22_3_57,0
party_list_23_1_1,0
party_list_23_1_2,0
party_list_23_1_3,0
party_list_23_1_4,0
party_list_23_1_5,0
party_list_23_1_6,0
party_list_23_1_7,0
party_list_23_1_8,0
party_list_23_1_9,0
party_list_23_1_10,0
party_list_23_1_11,0
party_list_23_1_12,0
party_list_23_1_13,0
party_list_23_1_14,0
party_list_23_1_15,0
party_list_23_1_16,0
party_list_23_1_17,0
party_list_23_1_18,0
party_list_23_1_19,0
party_list_23_1_20,0
party_list_23_1_21,0
party_list_23_1_22,0
party_list_23_1_23,0
party_list_23_1_24,0
party_list_23_1_25,0
party_list_23_1_26,0
party_list_23_1_27,0
party_list_23_1_28,0
party_list_23_1_29,0
party_list_23_1_30,0
party_list_23_1_31,371
party_list_23_1_32,0
party_list_23_1_33,9
party_list_23_1_34,0
party_list_23_1_35,0
party_list_23_1_36,0
party_list_23_1_37,34158
party_list_23_1_38,164
party_list_23_1_39,55
party_list_23_1_40,73
party_list_23_1_41,41
party_list_23_1_42,1307
party_list_23_1_43,711
party_list_23_1_44,47
party_list_23_1_45,87
party_list_23_1_46,32353
party_list_23_1_47,371
party_list_23_1_48,533
party_list_23_1_49,235
party_list_23_1_50,9
party_list_23_1_51,53
party_list_23_1_52,36
party_list_23_1_53,11
party_list_23_1_54,22
party_list_23_1_55,23
party_list_23_1_56,90
party_list_23_1_57,73
party_list_24_1_1,460
party_list_24_1_2,4376
party_list_24_1_3,694
party_list_24_1_4,227
party_list_24_1_5,556
party_list_24_1_6,3168
party_list_24_1_7,144
party_list_24_1_8,540
party_list_24_1_9,14528
party_list_24_1_10,763
party_list_24_1_11,3740
party_list_24_1_12,659
party_list_24_1_13,48
party_list_24_1_14,0
party_list_24_1_15,64
party_list_24_1_16,201
party_list_24_1_17,126
party_list_24_1_18,15
party_list_24_1_19,57
party_list_24_1_20,32
party_list_24_1_21,45
party_list_24_1_22,36
party_list_24_1_23,103
party_list_24_1_24,36
party_list_24_1_25,52
party_list_24_1_26,7342
party_list_24_1_27,128
party_list_24_1_28,996
party_list_24_1_29,0
party_list_24_1_30,114
party_list_24_1_31,233
party_list_24_1_32,97
party_list_24_1_33,186
party_list_24_1_34,96
party_list_24_1_35,190
party_list_24_1_36,108
party_list_24_1_37,16774
party_list_24_1_38,114
party_list_24_1_39,60
party_list_24_1_40,124
party_list_24_1_41,27
party_list_24_1_42,508
party_list_24_1_43,226
party_list_24_1_44,51
party_list_24_1_45,69
party_list_24_1_46,40400
party_list_24_1_47,114
party_list_24_1_48,563
party_list_24_1_49,516
party_list_24_1_50,9
party_list_24_1_51,52
party_list_24_1_52,55
party_list_24_1_53,17
party_list_24_1_54,36
party_list_24_1_55,19
party_list_24_1_56,34
party_list_24_1_57,89
party_list_24_2_1,0
party_list_24_2_2,0
party_list_24_2_3,0
party_list_24_2_4,0
party_list_24_2_5,0
party_list_24_2_6,0
party_list_24_2_7,0
party_list_24_2_8,0
party_list_24_2_9,0
party_list_24_2_10,0
party_list_24_2_11,0
party_list_24_2_12,0
party_list_24_2_13,0
party_list_24_2_14,0
party_list_24_2_15,0
party_list_24_2_16,0
party_list_24_2_17,0
party_list_24_2_18,0
party_list_24_2_19,0
party_list_24_2_20,0
party_list_24_2_21,0
party_list_24_2_22,0
party_list_24_2_23,0
party_list_24_2_24,0
party_list_24_2_25,0
party_list_24_2_26,0
party_list_24_2_27,0
party_list_24_2_28,0
party_list_24_2_29,0
party_list_24_2_30,0
party_list_24_2_31,0
party_list_24_2_32,0
party_list_24_2_33,0
party_list_24_2_34,0
party_list_24_2_35,0
party_list_24_2_36,0
party_list_24_2_37,0
party_list_24_2_38,0
party_list_24_2_39,0
party_list_24_2_40,0
party_list_24_2_41,0
party_list_24_2_42,0
party_list_24_2_43,0
party_list_24_2_44,0
party_list_24_2_45,0
party_list_24_2_46,0
party_list_24_2_47,0
party_list_24_2_48,0
party_list_24_2_49,0
party_list_24_2_50,0
party_list_24_2_51,0
party_list_24_2_52,0
party_list_24_2_53,0
party_list_24_2_54,0
party_list_24_2_55,0
party_list_24_2_56,0
party_list_24_2_57,0
party_list_24_3_1,1317
party_list_24_3_2,2173
party_list_24_3_3,504
party_list_24_3_4,4223
party_list_24_3_5,708
party_list_24_3_6,0
party_list_24_3_7,2209
party_list_24_3_8,161
party_list_24_3_9,501
party_list_24_3_10,14171
party_list_24_3_11,658
party_list_24_3_12,5683
party_list_24_3_13,741
party_list_24_3_14,984
party_list_24_3_15,127
party_list_24_3_16,130
party_list_24_3_17,253
party_list_24_3_18,169
party_list_24_3_19,42
party_list_24_3_20,70
party_list_24_3_21,58
party_list_24_3_22,86
party_list_24_3_23,83
party_list_24_3_24,417
party_list_24_3_25,49
party_list_24_3_26,128
party_list_24_3_27,4576
party_list_24_3_28,194
party_list_24_3_29,496
party_list_24_3_30,267
party_list_24_3_31,204
party_list_24_3_32,153
party_list_24_3_33,360
party_list_24_3_34,174
party_list_24_3_35,141
party_list_24_3_36,123
party_list_24_3_37,9840
party_list_24_3_38,231
party_list_24_3_39,60
party_list_24_3_40,764
party_list_24_3_41,103
party_list_24_3_42,7835
party_list_24_3_43,0
party_list_24_3_44,362
party_list_24_3_45,140
party_list_24_3_46,31106
party_list_24_3_47,178
party_list_24_3_48,417
party_list_24_3_49,246
party_list_24_3_50,13
party_list_24_3_51,73
party_list_24_3_52,28
party_list_24_3_53,35
party_list_24_3_54,46
party_list_24_3_55,37
party_list_24_3_56,109
party_list_24_3_57,94168
party_list_24_4_1,0
party_list_24_4_2,0
party_list_24_4_3,0
party_list_24_4_4,0
party_list_24_4_5,0
party_list_24_4_6,0
party_list_24_4_7,0
party_list_24_4_8,0
party_list_24_4_9,0
party_list_24_4_10,0
party_list_24_4_11,0
party_list_24_4_12,0
party_list_24_4_13,0
party_list_24_4_14,0
party_list_24_4_15,0
party_list_24_4_16,0
party_list_24_4_17,0
party_list_24_4_18,0
party_list_24_4_19,0
party_list_24_4_20,0
party_list_24_4_21,0
party_list_24_4_22,0
party_list_24_4_23,0
party_list_24_4_24,0
party_list_24_4_25,0
party_list_24_4_26,0
party_list_24_4_27,0
party_list_24_4_28,0
party_list_24_4_29,0
party_list_24_4_30,0
party_list_24_4_31,0
party_list_24_4_32,0
party_list_24_4_33,0
party_list_24_4_34,0
party_list_24_4_35,0
party_list_24_4_36,0
party_list_24_4_37,0
party_list_24_4_38,0
party_list_24_4_39,0
party_list_24_4_40,0
party_list_24_4_41,0
party_list_24_4_42,0
party_list_24_4_43,0
party_list_24_4_44,0
party_list_24_4_45,0
party_list_24_4_46,0
party_list_24_4_47,0
party_list_24_4_48,0
party_list_24_4_49,0
party_list_24_4_50,0
party_list_24_4_51,0
party_list_24_4_52,0
party_list_24_4_53,0
party_list_24_4_54,0
party_list_24_4_55,0
party_list_24_4_56,0
party_list_24_4_57,0
party_list_25_1_1,0
party_list_25_1_2,0
party_list_25_1_3,0
party_list_25_1_4,0
party_list_25_1_5,0
party_list_25_1_6,0
party_list_25_1_7,0
party_list_25_1_8,0
party_list_25_1_9,0
party_list_25_1_10,0
party_list_25_1_11,0
party_list_25_1_12,0
party_list_25_1_13,0
party_list_25_1_14,0
party_list_25_1_15,0
party_list_25_1_16,0
party_list_25_1_17,0
party_list_25_1_18,0
party_list_25_1_19,0
party_list_25_1_20,0
party_list_25_1_21,0
party_list_25_1_22,0
party_list_25_1_23,0
party_list_25_1_24,0
party_list_25_1_25,0
party_list_25_1_26,0
party_list_25_1_27,0
party_list_25_1_28,0
party_list_25_1_29,0
party_list_25_1_30,0
party_list_25_1_31,0
party_list_25_1_32,0
party_list_25_1_33,0
party_list_25_1_34,0
party_list_25_1_35,0
party_list_25_1_36,0
party_list_25_1_37,0
party_list_25_1_38,0
party_list_25_1_39,0
party_list_25_1_40,0
party_list_25_1_41,0
party_list_25_1_42,0
party_list_25_1_43,0
party_list_25_1_44,0
party_list_25_1_45,0
party_list_25_1_46,0
party_list_25_1_47,0
party_list_25_1_48,0
party_list_25_1_49,0
party_list_25_1_50,0
party_list_25_1_51,0
party_list_25_1_52,0
party_list_25_1_53,0
party_list_25_1_54,0
party_list_25_1_55,0
party_list_25_1_56,0
party_list_25_1_57,0
party_list_25_1_58,0
party_list_25_1_59,0
party_list_25_3_1,0
party_list_25_3_2,0
party_list_25_3_3,0
party_list_25_3_4,0
party_list_25_3_5,0
party_list_25_3_6,0
party_list_25_3_7,0
party_list_25_3_8,0
party_list_25_3_9,0
party_list_25_3_10,0
party_list_25_3_11,0
party_list_25_3_12,0
party_list_25_3_13,0
party_list_25_3_14,0
party_list_25_3_15,0
party_list_25_3_16,0
party_list_25_3_17,0
party_list_25_3_18,0
party_list_25_3_19,0
party_list_25_3_20,0
party_list_25_3_21,0
party_list_25_3_22,0
party_list_25_3_23,0
party_list_25_3_24,0
party_list_25_3_25,0
party_list_25_3_26,0
party_list_25_3_27,0
party_list_25_3_28,0
party_list_25_3_29,0
party_list_25_3_30,0
party_list_25_3_31,0
party_list_25_3_32,0
party_list_25_3_33,0
party_list_25_3_34,0
party_list_25_3_35,0
party_list_25_3_36,0
party_list_25_3_37,0
party_list_25_3_38,0
party_list_25_3_39,0
party_list_25_3_40,0
party_list_25_3_41,0
party_list_25_3_42,0
party_list_25_3_43,0
party_list_25_3_44,0
party_list_25_3_45,0
party_list_25_3_46,0
party_list_25_3_47,0
party_list_25_3_48,0
party_list_25_3_49,0
party_list_25_3_50,0
party_list_25_3_51,0
party_list_25_3_52,0
party_list_25_3_53,0
party_list_25_3_54,0
party_list_25_3_55,0
party_list_25_3_56,0
party_list_25_3_57,0
party_list_26_1_1,0
party_list_26_1_2,0
party_list_26_1_3,0
party_list_26_1_4,0
party_list_26_1_5,0
party_list_26_1_6,0
party_list_26_1_7,0
party_list_26_1_8,0
party_list_26_1_9,0
party_list_26_1_10,0
party_list_26_1_11,0
party_list_26_1_12,0
party_list_26_1_13,0
party_list_26_1_14,0
party_list_26_1_15,0
party_list_26_1_16,0
party_list_26_1_17,0
party_list_26_1_18,0
party_list_26_1_19,0
party_list_26_1_20,0
party_list_26_1_21,0
party_list_26_1_22,0
party_list_26_1_23,0
party_list_26_1_24,0
party_list_26_1_25,0
party_list_26_1_26,0
party_list_26_1_27,0
party_list_26_1_28,0
party_list_26_1_29,0
party_list_26_1_30,0
party_list_26_1_31,0
party_list_26_1_32,0
party_list_26_1_33,0
party_list_26_1_34,0
party_list_26_1_35,0
party_list_26_1_36,0
party_list_26_1_37,0
party_list_26_1_38,0
party_list_26_1_39,0
party_list_26_1_40,0
party_list_26_1_41,0
party_list_26_1_42,0
party_list_26_1_43,0
party_list_26_1_44,0
party_list_26_1_45,0
party_list_26_1_46,0
party_list_26_1_47,0
party_list_26_1_48,0
party_list_26_1_49,0
party_list_26_1_50,0
party_list_26_1_51,0
party_list_26_1_52,0
party_list_26_1_53,0
party_list_26_1_54,0
party_list_26_1_55,0
party_list_26_1_56,0
party_list_26_1_57,0
party_list_26_2_1,0
party_list_26_2_2,0
party_list_26_2_3,0
party_list_26_2_4,0
party_list_26_2_5,0
party_list_26_2_6,0
party_list_26_2_7,0
party_list_26_2_8,0
party_list_26_2_9,0
party_list_26_2_10,0
party_list_26_2_11,0
party_list_26_2_12,0
party_list_26_2_13,0
party_list_26_2_14,0
party_list_26_2_15,0
party_list_26_2_16,0
party_list_26_2_17,0
party_list_26_2_18,0
party_list_26_2_19,0
party_list_26_2_20,0
party_list_26_2_21,0
party_list_26_2_22,0
party_list_26_2_23,0
party_list_26_2_24,0
party_list_26_2_25,0
party_list_26_2_26,0
party_list_26_2_27,0
party_list_26_2_28,0
party_list_26_2_29,0
party_list_26_2_30,0
party_list_26_2_31,0
party_list_26_2_32,0
party_list_26_2_33,0
party_list_26_2_34,0
party_list_26_2_35,0
party_list_26_2_36,0
party_list_26_2_37,0
party_list_26_2_38,0
party_list_26_2_39,0
party_list_26_2_40,0
party_list_26_2_41,0
party_list_26_2_42,0
party_list_26_2_43,0
party_list_26_2_44,0
party_list_26_2_45,0
party_list_26_2_46,0
party_list_26_2_47,0
party_list_26_2_48,0
party_list_26_2_49,0
party_list_26_2_50,0
party_list_26_2_51,0
party_list_26_2_52,0
party_list_26_2_53,0
party_list_26_2_54,0
party_list_26_2_55,0
party_list_26_2_56,0
party_list_26_2_57,0
party_list_27_1_1,0
party_list_27_1_2,0
party_list_27_1_3,0
party_list_27_1_4,0
party_list_27_1_5,0
party_list_27_1_6,0
party_list_27_1_7,0
party_list_27_1_8,0
party_list_27_1_9,0
party_list_27_1_10,0
party_list_27_1_11,0
party_list_27_1_12,0
party_list_27_1_13,0
party_list_27_1_14,0
party_list_27_1_15,0
party_list_27_1_16,0
party_list_27_1_17,0
party_list_27_1_18,0
party_list_27_1_19,0
party_list_27_1_20,0
party_list_27_1_21,0
party_list_27_1_22,0
party_list_27_1_23,0
party_list_27_1_24,0
party_list_27_1_25,0
party_list_27_1_26,0
party_list_27_1_27,0
party_list_27_1_28,0
party_list_27_1_29,0
party_list_27_1_30,0
party_list_27_1_31,0
party_list_27_1_32,0
party_list_27_1_33,0
party_list_27_1_34,0
party_list_27_1_35,0
party_list_27_1_36,0
party_list_27_1_37,0
party_list_27_1_38,0
party_list_27_1_39,0
party_list_27_1_40,0
party_list_27_1_41,0
party_list_27_1_42,0
party_list_27_1_43,0
party_list_27_1_44,0
party_list_27_1_45,0
party_list_27_1_46,0
party_list_27_1_47,0
party_list_27_1_48,0
party_list_27_1_49,0
party_list_27_1_50,0
party_list_27_1_51,0
party_list_27_1_52,0
party_list_27_1_53,0
party_list_27_1_54,0
party_list_27_1_55,0
party_list_27_1_56,0
party_list_27_1_57,0
party_list_27_2_1,0
party_list_27_2_2,7954
party_list_27_2_3,0
party_list_27_2_4,0
party_list_27_2_5,0
party_list_27_2_6,4677
party_list_27_2_7,193
party_list_27_2_8,647
party_list_27_2_9,7954
party_list_27_2_10,448
party_list_27_2_11,6516
party_list_27_2_12,567
party_list_27_2_13,690
party_list_27_2_14,489
party_list_27_2_15,101
party_list_27_2_16,362
party_list_27_2_17,41
party_list_27_2_18,33
party_list_27_2_19,35
party_list_27_2_20,224
party_list_27_2_21,127
party_list_27_2_22,199
party_list_27_2_23,42
party_list_27_2_24,84
party_list_27_2_25,2659
party_list_27_2_26,147
party_list_27_2_27,320
party_list_27_2_28,151
party_list_27_2_29,131
party_list_27_2_30,126
party_list_27_2_31,860
party_list_27_2_32,343
party_list_27_2_33,249
party_list_27_2_34,9796
party_list_27_2_35,157
party_list_27_2_36,70
party_list_27_2_37,98
party_list_27_2_38,0
party_list_27_2_39,0
party_list_27_2_40,0
party_list_27_2_41,48
party_list_27_2_42,454
party_list_27_2_43,22924
party_list_27_2_44,127
party_list_27_2_45,122
party_list_27_2_46,22827
party_list_27_2_47,190
party_list_27_2_48,289
party_list_27_2_49,320
party_list_27_2_50,19
party_list_27_2_51,62
party_list_27_2_52,18
party_list_27_2_53,38
party_list_27_2_54,13
party_list_27_2_55,0
party_list_27_2_56,33
party_list_27_2_57,74
party_list_27_3_1,0
party_list_27_3_2,0
party_list_27_3_3,0
party_list_27_3_4,0
party_list_27_3_5,0
party_list_27_3_6,0
party_list_27_3_7,0
party_list_27_3_8,0
party_list_27_3_9,0
party_list_27_3_10,0
party_list_27_3_11,0
party_list_27_3_12,0
party_list_27_3_13,0
party_list_27_3_14,0
party_list_27_3_15,0
party_list_27_3_16,0
party_list_27_3_17,0
party_list_27_3_18,0
party_list_27_3_19,0
party_list_27_3_20,0
party_list_27_3_21,0
party_list_27_3_22,0
party_list_27_3_23,0
party_list_27_3_24,0
party_list_27_3_25,0
party_list_27_3_26,0
party_list_27_3_27,0
party_list_27_3_28,0
party_list_27_3_29,0
party_list_27_3_30,0
party_list_27_3_31,0
party_list_27_3_32,0
party_list_27_3_33,0
party_list_27_3_34,0
party_list_27_3_35,0
party_list_27_3_36,0
party_list_27_3_37,0
party_list_27_3_38,0
party_list_27_3_39,0
party_list_27_3_40,0
party_list_27_3_41,0
party_list_27_3_42,0
party_list_27_3_43,0
party_list_27_3_44,0
party_list_27_3_45,0
party_list_27_3_46,0
party_list_27_3_47,0
party_list_27_3_48,0
party_list_27_3_49,0
party_list_27_3_50,0
party_list_27_3_51,0
party_list_27_3_52,0
party_list_27_3_53,0
party_list_27_3_54,0
party_list_27_3_55,0
party_list_27_3_56,0
party_list_27_3_57,0
party_list_30_1_1,0
party_list_30_1_2,0
party_list_30_1_3,0
party_list_30_1_4,0
party_list_30_1_5,0
party_list_30_1_6,0
party_list_30_1_7,0
party_list_30_1_8,0
party_list_30_1_9,0
party_list_30_1_10,0
party_list_30_1_11,0
party_list_30_1_12,0
party_list_30_1_13,0
party_list_30_1_14,0
party_list_30_1_15,0
party_list_30_1_16,0
party_list_30_1_17,0
party_list_30_1_18,0
party_list_30_1_19,0
party_list_30_1_20,0
party_list_30_1_21,0
party_list_30_1_22,0
party_list_30_1_23,0
party_list_30_1_24,0
party_list_30_1_25,0
party_list_30_1_26,0
party_list_30_1_27,0
party_list_30_1_28,0
party_list_30_1_29,0
party_list_30_1_30,0
party_list_30_1_31,0
party_list_30_1_32,0
party_list_30_1_33,0
party_list_30_1_34,0
party_list_30_1_35,0
party_list_30_1_36,0
party_list_30_1_37,0
party_list_30_1_38,0
party_list_30_1_39,0
party_list_30_1_40,0
party_list_30_1_41,0
party_list_30_1_42,0
party_list_30_1_43,0
party_list_30_1_44,0
party_list_30_1_45,0
party_list_30_1_46,0
party_list_30_1_47,0
party_list_30_1_48,0
party_list_30_1_49,0
party_list_30_1_50,0
party_list_30_1_51,0
party_list_30_1_52,0
party_list_30_1_53,0
party_list_30_1_54,0
party_list_30_1_55,0
party_list_30_1_56,0
party_list_30_1_57,0
party_list_30_10_1,360
party_list_30_10_2,4669
party_list_30_10_3,589
party_list_30_10_4,405
party_list_30_10_5,1134
party_list_30_10_6,1963
party_list_30_10_7,67
party_list_30_10_8,17715
party_list_30_10_9,541
party_list_30_10_10,6436
party_list_30_10_11,572
party_list_30_10_12,623
party_list_30_10_13,53
party_list_30_10_14,139
party_list_30_10_15,305
party_list_30_10_16,179
party_list_30_10_17,43
party_list_30_10_18,46
party_list_30_10_19,0
party_list_30_10_20,36
party_list_30_10_21,65
party_list_30_10_22,0
party_list_30_10_23,27
party_list_30_10_24,67
party_list_30_10_25,2849
party_list_30_10_26,135
party_list_30_10_27,492
party_list_30_10_28,148
party_list_30_10_29,298
party_list_30_10_30,239
party_list_30_10_31,144
party_list_30_10_32,145
party_list_30_10_33,202
party_list_30_10_34,192
party_list_30_10_35,316
party_list_30_10_36,28421
party_list_30_10_37,278
party_list_30_10_38,63
party_list_30_10_39,90
party_list_30_10_40,0
party_list_30_10_41,176
party_list_30_10_42,197
party_list_30_10_43,1239
party_list_30_10_44,73
party_list_30_10_45,0
party_list_30_10_46,239
party_list_30_10_47,305
party_list_30_10_48,14
party_list_30_10_49,71
party_list_30_10_50,26
party_list_30_10_51,14
party_list_30_10_52,26
party_list_30_10_53,36
party_list_30_10_54,0
party_list_30_10_55,120
party_list_30_10_56,0
party_list_30_11_1,0
party_list_30_11_2,0
party_list_30_11_3,0
party_list_30_11_4,0
party_list_30_11_5,0
party_list_30_11_6,0
party_list_30_11_7,0
party_list_30_11_8,0
party_list_30_11_9,0
party_list_30_11_10,0
party_list_30_11_11,0
party_list_30_11_12,0
party_list_30_11_13,0
party_list_30_11_14,0
party_list_30_11_15,0
party_list_30_11_16,0
party_list_30_11_17,0
party_list_30_11_18,0
party_list_30_11_19,0
party_list_30_11_20,0
party_list_30_11_21,0
party_list_30_11_22,0
party_list_30_11_23,0
party_list_30_11_24,0
party_list_30_11_25,0
party_list_30_11_26,0
party_list_30_11_27,0
party_list_30_11_28,0
party_list_30_11_29,0
party_list_30_11_30,0
party_list_30_11_31,0
party_list_30_11_32,0
party_list_30_11_33,0
party_list_30_11_34,0
party_list_30_11_35,0
party_list_30_11_36,0
party_list_30_11_37,0
party_list_30_11_38,0
party_list_30_11_39,0
party_list_30_11_40,0
party_list_30_11_41,0
party_list_30_11_42,0
party_list_30_11_43,0
party_list_30_11_44,0
party_list_30_11_45,0
party_list_30_11_46,0
party_list_30_11_47,0
party_list_30_11_48,0
party_list_30_11_49,0
party_list_30_11_50,0
party_list_30_11_51,0
party_list_30_11_52,0
party_list_30_11_53,0
party_list_30_11_54,0
party_list_30_11_55,0
party_list_30_11_56,0
party_list_30_11_57,0
party_list_30_12_1,0
party_list_30_12_2,0
party_list_30_12_3,0
party_list_30_12_4,0
party_list_30_12_5,0
party_list_30_12_6,0
party_list_30_12_7,0
party_list_30_12_8,0
party_list_30_12_9,0
party_list_30_12_10,0
party_list_30_12_11,0
party_list_30_12_12,0
party_list_30_12_13,0
party_list_30_12_14,0
party_list_30_12_15,0
party_list_30_12_16,0
party_list_30_12_17,0
party_list_30_12_18,0
party_list_30_12_19,0
party_list_30_12_20,0
party_list_30_12_21,0
party_list_30_12_22,0
party_list_30_12_23,0
party_list_30_12_24,0
party_list_30_12_25,0
party_list_30_12_26,0
party_list_30_12_27,0
party_list_30_12_28,0
party_list_30_12_29,0
party_list_30_12_30,0
party_list_30_12_31,0
party_list_30_12_32,0
party_list_30_12_33,0
party_list_30_12_34,0
party_list_30_12_35,0
party_list_30_12_36,0
party_list_30_12_37,0
party_list_30_12_38,0
party_list_30_12_39,0
party_list_30_12_40,0
party_list_30_12_41,0
party_list_30_12_42,0
party_list_30_12_43,0
party_list_30_12_44,0
party_list_30_12_45,0
party_list_30_12_46,0
party_list_30_12_47,0
party_list_30_12_48,0
party_list_30_12_49,0
party_list_30_12_50,0
party_list_30_12_51,0
party_list_30_12_52,0
party_list_30_12_53,0
party_list_30_12_54,0
party_list_30_12_55,0
party_list_30_12_56,0
party_list_30_12_57,0
party_list_30_13_1,0
party_list_30_13_2,0
party_list_30_13_3,0
party_list_30_13_4,0
party_list_30_13_5,0
party_list_30_13_6,0
party_list_30_13_7,0
party_list_30_13_8,0
party_list_30_13_9,0
party_list_30_13_10,0
party_list_30_13_11,0
party_list_30_13_12,0
party_list_30_13_13,0
party_list_30_13_14,0
party_list_30_13_15,0
party_list_30_13_16,0
party_list_30_13_17,0
party_list_30_13_18,0
party_list_30_13_19,0
party_list_30_13_20,0
party_list_30_13_21,0
party_list_30_13_22,0
party_list_30_13_23,0
party_list_30_13_24,0
party_list_30_13_25,13
party_list_30_13_26,0
party_list_30_13_27,0
party_list_30_13_28,0
party_list_30_13_29,149
party_list_30_13_30,0
party_list_30_13_31,14
party_list_30_13_32,0
party_list_30_13_33,0
party_list_30_13_34,0
party_list_30_13_35,0
party_list_30_13_36,0
party_list_30_13_37,0
party_list_30_13_38,48
party_list_30_13_39,60
party_list_30_13_40,0
party_list_30_13_41,0
party_list_30_13_42,125
party_list_30_13_43,192
party_list_30_13_44,64
party_list_30_13_45,0
party_list_30_13_46,149
party_list_30_13_47,133
party_list_30_13_48,208
party_list_30_13_49,14
party_list_30_13_50,52
party_list_30_13_51,14
party_list_30_13_52,19
party_list_30_13_53,19
party_list_30_13_54,14
party_list_30_13_55,53
party_list_30_13_56,0
party_list_30_14_1,0
party_list_30_14_2,0
party_list_30_14_3,0
party_list_30_14_4,0
party_list_30_14_5,0
party_list_30_14_6,0
party_list_30_14_7,0
party_list_30_14_8,0
party_list_30_14_9,0
party_list_30_14_10,0
party_list_30_14_11,0
party_list_30_14_12,0
party_list_30_14_13,0
party_list_30_14_14,0
party_list_30_14_15,0
party_list_30_14_16,0
party_list_30_14_17,0
party_list_30_14_18,0
party_list_30_14_19,0
party_list_30_14_20,0
party_list_30_14_21,0
party_list_30_14_22,0
party_list_30_14_23,0
party_list_30_14_24,0
party_list_30_14_25,0
party_list_30_14_26,0
party_list_30_14_27,0
party_list_30_14_28,0
party_list_30_14_29,0
party_list_30_14_30,0
party_list_30_14_31,0
party_list_30_14_32,0
party_list_30_14_33,0
party_list_30_14_34,0
party_list_30_14_35,0
party_list_30_14_36,0
party_list_30_14_37,0
party_list_30_14_38,0
party_list_30_14_39,0
party_list_30_14_40,0
party_list_30_14_41,0
party_list_30_14_42,0
party_list_30_14_43,0
party_list_30_14_44,0
party_list_30_14_45,0
party_list_30_14_46,0
party_list_30_14_47,0
party_list_30_14_48,0
party_list_30_14_49,0
party_list_30_14_50,0
party_list_30_14_51,0
party_list_30_14_52,0
party_list_30_14_53,0
party_list_30_14_54,0
party_list_30_14_55,0
party_list_30_14_56,0
party_list_30_14_57,0
party_list_30_15_1,0
party_list_30_15_2,0
party_list_30_15_3,0
party_list_30_15_4,0
party_list_30_15_5,0
party_list_30_15_6,0
party_list_30_15_7,0
party_list_30_15_8,0
party_list_30_15_9,0
party_list_30_15_10,0
party_list_30_15_11,0
party_list_30_15_12,0
party_list_30_15_13,0
party_list_30_15_14,0
party_list_30_15_15,0
party_list_30_15_16,0
party_list_30_15_17,0
party_list_30_15_18,0
party_list_30_15_19,0
party_list_30_15_20,0
party_list_30_15_21,0
party_list_30_15_22,0
party_list_30_15_23,0
party_list_30_15_24,0
party_list_30_15_25,0
party_list_30_15_26,0
party_list_30_15_27,0
party_list_30_15_28,0
party_list_30_15_29,0
party_list_30_15_30,0
party_list_30_15_31,0
party_list_30_15_32,0
party_list_30_15_33,0
party_list_30_15_34,0
party_list_30_15_35,0
party_list_30_15_36,0
party_list_30_15_37,0
party_list_30_15_38,0
party_list_30_15_39,0
party_list_30_15_40,0
party_list_30_15_41,0
party_list_30_15_42,0
party_list_30_15_43,0
party_list_30_15_44,0
party_list_30_15_45,0
party_list_30_15_46,0
party_list_30_15_47,0
party_list_30_15_48,0
party_list_30_15_49,0
party_list_30_15_50,0
party_list_30_15_51,0
party_list_30_15_52,0
party_list_30_15_53,0
party_list_30_15_54,0
party_list_30_15_55,0
party_list_30_15_56,0
party_list_30_15_57,0
party_list_30_16_1,0
party_list_30_16_2,0
party_list_30_16_3,0
party_list_30_16_4,0
party_list_30_16_5,0
party_list_30_16_6,0
party_list_30_16_7,0
party_list_30_16_8,0
party_list_30_16_9,0
party_list_30_16_10,0
party_list_30_16_11,0
party_list_30_16_12,0
party_list_30_16_13,0
party_list_30_16_14,0
party_list_30_16_15,0
party_list_30_16_16,0
party_list_30_16_17,0
party_list_30_16_18,0
party_list_30_16_19,0
party_list_30_16_20,0
party_list_30_16_21,0
party_list_30_16_22,0
party_list_30_16_23,0
party_list_30_16_24,0
party_list_30_16_25,0
party_list_30_16_26,0
party_list_30_16_27,0
party_list_30_16_28,0
party_list_30_16_29,0
party_list_30_16_30,0
party_list_30_16_31,0
party_list_30_16_32,0
party_list_30_16_33,0
party_list_30_16_34,0
party_list_30_16_35,0
party_list_30_16_36,0
party_list_30_16_37,0
party_list_30_16_38,0
party_list_30_16_39,0
party_list_30_16_40,0
party_list_30_16_41,0
party_list_30_16_42,0
party_list_30_16_43,0
party_list_30_16_44,0
party_list_30_16_45,0
party_list_30_16_46,0
party_list_30_16_47,0
party_list_30_16_48,0
party_list_30_16_49,0
party_list_30_16_50,0
party_list_30_16_51,0
party_list_30_16_52,0
party_list_30_16_53,0
party_list_30_16_54,0
party_list_30_16_55,0
party_list_30_16_56,0
party_list_30_16_57,0
party_list_30_2_1,173
party_list_30_2_2,1336
party_list_30_2_3,214
party_list_30_2_4,110
party_list_30_2_5,388
party_list_30_2_6,2313
party_list_30_2_7,491
party_list_30_2_8,2444
party_list_30_2_9,16583
party_list_30_2_10,468
party_list_30_2_11,4375
party_list_30_2_12,523
party_list_30_2_13,629
party_list_30_2_14,57
party_list_30_2_15,139
party_list_30_2_16,189
party_list_30_2_17,96
party_list_30_2_18,39
party_list_30_2_19,38
party_list_30_2_20,30
party_list_30_2_21,77
party_list_30_2_22,31
party_list_30_2_23,0
party_list_30_2_24,49
party_list_30_2_25,15
party_list_30_2_26,48
party_list_30_2_27,2838
party_list_30_2_28,149
party_list_30_2_29,879
party_list_30_2_30,80
party_list_30_2_31,97
party_list_30_2_32,95
party_list_30_2_33,124
party_list_30_2_34,65
party_list_30_2_35,176
party_list_30_2_36,14891
party_list_30_2_37,187
party_list_30_2_38,65
party_list_30_2_39,0
party_list_30_2_40,41
party_list_30_2_41,25
party_list_30_2_42,133
party_list_30_2_43,202
party_list_30_2_44,3306
party_list_30_2_45,55
party_list_30_2_46,41053
party_list_30_2_47,232
party_list_30_2_48,507
party_list_30_2_49,413
party_list_30_2_50,8
party_list_30_2_51,46
party_list_30_2_52,17
party_list_30_2_53,10
party_list_30_2_54,25
party_list_30_2_55,16
party_list_30_2_56,32
party_list_30_2_57,61
party_list_30_3_1,0
party_list_30_3_2,0
party_list_30_3_3,0
party_list_30_3_4,0
party_list_30_3_5,0
party_list_30_3_6,0
party_list_30_3_7,0
party_list_30_3_8,0
party_list_30_3_9,0
party_list_30_3_10,0
party_list_30_3_11,0
party_list_30_3_12,0
party_list_30_3_13,0
party_list_30_3_14,0
party_list_30_3_15,0
party_list_30_3_16,0
party_list_30_3_17,0
party_list_30_3_18,0
party_list_30_3_19,0
party_list_30_3_20,0
party_list_30_3_21,0
party_list_30_3_22,0
party_list_30_3_23,0
party_list_30_3_24,0
party_list_30_3_25,0
party_list_30_3_26,0
party_list_30_3_27,0
party_list_30_3_28,0
party_list_30_3_29,0
party_list_30_3_30,0
party_list_30_3_31,121
party_list_30_3_32,0
party_list_30_3_33,9
party_list_30_3_34,0
party_list_30_3_35,0
party_list_30_3_36,0
party_list_30_3_37,0
party_list_30_3_38,0
party_list_30_3_39,0
party_list_30_3_40,0
party_list_30_3_41,0
party_list_30_3_42,170
party_list_30_3_43,218
party_list_30_3_44,617
party_list_30_3_45,110
party_list_30_3_46,38269
party_list_30_3_47,121
party_list_30_3_48,454
party_list_30_3_49,349
party_list_30_3_50,9
party_list_30_3_51,56
party_list_30_3_52,16
party_list_30_3_53,33
party_list_30_3_54,52
party_list_30_3_55,0
party_list_30_3_56,58
party_list_30_3_57,93802
party_list_30_4_1,420
party_list_30_4_2,420
party_list_30_4_3,1853
party_list_30_4_4,1085
party_list_30_4_5,2642
party_list_30_4_6,1924
party_list_30_4_7,1981
party_list_30_4_8,134
party_list_30_4_9,388
party_list_30_4_10,17928
party_list_30_4_11,541
party_list_30_4_12,4237
party_list_30_4_13,391
party_list_30_4_14,656
party_list_30_4_15,98
party_list_30_4_16,142
party_list_30_4_17,131
party_list_30_4_18,33
party_list_30_4_19,0
party_list_30_4_20,0
party_list_30_4_21,39
party_list_30_4_22,101
party_list_30_4_23,36
party_list_30_4_24,92
party_list_30_4_25,52
party_list_30_4_26,54
party_list_30_4_27,0
party_list_30_4_28,2809
party_list_30_4_29,0
party_list_30_4_30,115
party_list_30_4_31,458
party_list_30_4_32,142
party_list_30_4_33,186
party_list_30_4_34,244
party_list_30_4_35,233
party_list_30_4_36,181
party_list_30_4_37,0
party_list_30_4_38,13513
party_list_30_4_39,264
party_list_30_4_40,55
party_list_30_4_41,58
party_list_30_4_42,26
party_list_30_4_43,152
party_list_30_4_44,234
party_list_30_4_45,101
party_list_30_4_46,27663
party_list_30_4_47,127
party_list_30_4_48,365
party_list_30_4_49,0
party_list_30_4_50,16
party_list_30_4_51,59
party_list_30_4_52,19
party_list_30_4_53,24
party_list_30_4_54,23
party_list_30_4_55,43
party_list_30_4_56,111
party_list_30_4_57,0
party_list_30_4_58,85195
party_list_30_5_1,0
party_list_30_5_2,0
party_list_30_5_3,18807
party_list_30_5_4,0
party_list_30_5_5,0
party_list_30_5_6,1517
party_list_30_5_7,1949
party_list_30_5_8,524
party_list_30_5_9,18807
party_list_30_5_10,448
party_list_30_5_11,4183
party_list_30_5_12,364
party_list_30_5_13,58
party_list_30_5_14,71
party_list_30_5_15,219
party_list_30_5_16,124
party_list_30_5_17,27
party_list_30_5_18,34
party_list_30_5_19,0
party_list_30_5_20,26
party_list_30_5_21,56
party_list_30_5_22,29
party_list_30_5_23,59
party_list_30_5_24,29
party_list_30_5_25,45
party_list_30_5_26,2005
party_list_30_5_27,117
party_list_30_5_28,322
party_list_30_5_29,214
party_list_30_5_30,115
party_list_30_5_31,107
party_list_30_5_32,125
party_list_30_5_33,278
party_list_30_5_34,284
party_list_30_5_35,49
party_list_30_5_36,70
party_list_30_5_37,30
party_list_30_5_38,0
party_list_30_5_39,0
party_list_30_5_40,0
party_list_30_5_41,0
party_list_30_5_42,0
party_list_30_5_43,0
party_list_30_5_44,0
party_list_30_5_45,0
party_list_30_5_46,0
party_list_30_5_47,107
party_list_30_5_48,0
party_list_30_5_49,0
party_list_30_5_50,278
party_list_30_5_51,0
party_list_30_5_52,0
party_list_30_5_53,0
party_list_30_5_54,0
party_list_30_5_55,0
party_list_30_5_56,0
party_list_30_5_57,0
party_list_30_6_1,0
party_list_30_6_2,0
party_list_30_6_3,0
party_list_30_6_4,0
party_list_30_6_5,0
party_list_30_6_6,0
party_list_30_6_7,0
party_list_30_6_8,0
party_list_30_6_9,0
party_list_30_6_10,0
party_list_30_6_11,0
party_list_30_6_12,0
party_list_30_6_13,0
party_list_30_6_14,0
party_list_30_6_15,0
party_list_30_6_16,0
party_list_30_6_17,0
party_list_30_6_18,0
party_list_30_6_19,0
party_list_30_6_20,0
party_list_30_6_21,0
party_list_30_6_22,0
party_list_30_6_23,0
party_list_30_6_24,0
party_list_30_6_25,0
party_list_30_6_26,0
party_list_30_6_27,0
party_list_30_6_28,0
party_list_30_6_29,0
party_list_30_6_30,0
party_list_30_6_31,0
party_list_30_6_32,0
party_list_30_6_33,0
party_list_30_6_34,0
party_list_30_6_35,0
party_list_30_6_36,0
party_list_30_6_37,0
party_list_30_6_38,0
party_list_30_6_39,0
party_list_30_6_40,0
party_list_30_6_41,0
party_list_30_6_42,0
party_list_30_6_43,0
party_list_30_6_44,0
party_list_30_6_45,0
party_list_30_6_46,0
party_list_30_6_47,0
party_list_30_6_48,0
party_list_30_6_49,0
party_list_30_6_50,0
party_list_30_6_51,0
party_list_30_6_52,0
party_list_30_6_53,0
party_list_30_6_54,0
party_list_30_6_55,0
party_list_30_6_56,0
party_list_30_6_57,0
party_list_30_7_1,0
party_list_30_7_2,0
party_list_30_7_3,0
party_list_30_7_4,0
party_list_30_7_5,0
party_list_30_7_6,0
party_list_30_7_7,0
party_list_30_7_8,0
party_list_30_7_9,0
party_list_30_7_10,0
party_list_30_7_11,0
party_list_30_7_12,0
party_list_30_7_13,0
party_list_30_7_14,0
party_list_30_7_15,0
party_list_30_7_16,0
party_list_30_7_17,0
party_list_30_7_18,0
party_list_30_7_19,0
party_list_30_7_20,0
party_list_30_7_21,0
party_list_30_7_22,0
party_list_30_7_23,0
party_list_30_7_24,0
party_list_30_7_25,0
party_list_30_7_26,0
party_list_30_7_27,0
party_list_30_7_28,0
party_list_30_7_29,0
party_list_30_7_30,0
party_list_30_7_31,0
party_list_30_7_32,0
party_list_30_7_33,0
party_list_30_7_34,0
party_list_30_7_35,0
party_list_30_7_36,0
party_list_30_7_37,0
party_list_30_7_38,0
party_list_30_7_39,0
party_list_30_7_40,0
party_list_30_7_41,0
party_list_30_7_42,0
party_list_30_7_43,0
party_list_30_7_44,0
party_list_30_7_45,0
party_list_30_7_46,0
party_list_30_7_47,0
party_list_30_7_48,0
party_list_30_7_49,0
party_list_30_7_50,0
party_list_30_7_51,0
party_list_30_7_52,0
party_list_30_7_53,0
party_list_30_7_54,0
party_list_30_7_55,0
party_list_30_7_56,0
party_list_30_7_57,0
party_list_30_8_1,0
party_list_30_8_2,0
party_list_30_8_3,0
party_list_30_8_4,0
party_list_30_8_5,0
party_list_30_8_6,0
party_list_30_8_7,0
party_list_30_8_8,0
party_list_30_8_9,0
party_list_30_8_10,0
party_list_30_8_11,0
party_list_30_8_12,0
party_list_30_8_13,0
party_list_30_8_14,0
party_list_30_8_15,0
party_list_30_8_16,0
party_list_30_8_17,0
party_list_30_8_18,0
party_list_30_8_19,0
party_list_30_8_20,0
party_list_30_8_21,0
party_list_30_8_22,0
party_list_30_8_23,0
party_list_30_8_24,0
party_list_30_8_25,0
party_list_30_8_26,0
party_list_30_8_27,0
party_list_30_8_28,0
party_list_30_8_29,0
party_list_30_8_30,0
party_list_30_8_31,0
party_list_30_8_32,0
party_list_30_8_33,0
party_list_30_8_34,0
party_list_30_8_35,0
party_list_30_8_36,0
party_list_30_8_37,0
party_list_30_8_38,0
party_list_30_8_39,0
party_list_30_8_40,0
party_list_30_8_41,0
party_list_30_8_42,0
party_list_30_8_43,0
party_list_30_8_44,0
party_list_30_8_45,0
party_list_30_8_46,0
party_list_30_8_47,0
party_list_30_8_48,0
party_list_30_8_49,0
party_list_30_8_50,0
party_list_30_8_51,0
party_list_30_8_52,0
party_list_30_8_53,0
party_list_30_8_54,0
party_list_30_8_55,0
party_list_30_8_56,0
party_list_30_8_57,0
party_list_30_9_1,0
party_list_30_9_2,0
party_list_30_9_3,0
party_list_30_9_4,0
party_list_30_9_5,0
party_list_30_9_6,0
party_list_30_9_7,0
party_list_30_9_8,0
party_list_30_9_9,0
party_list_30_9_10,0
party_list_30_9_11,0
party_list_30_9_12,0
party_list_30_9_13,0
party_list_30_9_14,0
party_list_30_9_15,0
party_list_30_9_16,0
party_list_30_9_17,0
party_list_30_9_18,0
party_list_30_9_19,0
party_list_30_9_20,0
party_list_30_9_21,0
party_list_30_9_22,0
party_list_30_9_23,0
party_list_30_9_24,0
party_list_30_9_25,0
party_list_30_9_26,0
party_list_30_9_27,0
party_list_30_9_28,0
party_list_30_9_29,0
party_list_30_9_30,0
party_list_30_9_31,0
party_list_30_9_32,0
party_list_30_9_33,0
party_list_30_9_34,0
party_list_30_9_35,0
party_list_30_9_36,0
party_list_30_9_37,0
party_list_30_9_38,0
party_list_30_9_39,0
party_list_30_9_40,0
party_list_30_9_41,0
party_list_30_9_42,0
party_list_30_9_43,0
party_list_30_9_44,0
party_list_30_9_45,0
party_list_30_9_46,0
party_list_30_9_47,0
party_list_30_9_48,0
party_list_30_9_49,0
party_list_30_9_50,0
party_list_30_9_51,0
party_list_30_9_52,0
party_list_30_9_53,0
party_list_30_9_54,0
party_list_30_9_55,0
party_list_30_9_56,0
party_list_30_9_57,0
party_list_31_1_1,0
party_list_31_1_2,0
party_list_31_1_3,0
party_list_31_1_4,0
party_list_31_1_5,0
party_list_31_1_6,0
party_list_31_1_7,0
party_list_31_1_8,0
party_list_31_1_9,0
party_list_31_1_10,0
party_list_31_1_11,0
party_list_31_1_12,0
party_list_31_1_13,0
party_list_31_1_14,0
party_list_31_1_15,0
party_list_31_1_16,0
party_list_31_1_17,0
party_list_31_1_18,0
party_list_31_1_19,0
party_list_31_1_20,0
party_list_31_1_21,0
party_list_31_1_22,0
party_list_31_1_23,0
party_list_31_1_24,0
party_list_31_1_25,0
party_list_31_1_26,0
party_list_31_1_27,0
party_list_31_1_28,0
party_list_31_1_29,0
party_list_31_1_30,0
party_list_31_1_31,0
party_list_31_1_32,0
party_list_31_1_33,0
party_list_31_1_34,0
party_list_31_1_35,0
party_list_31_1_36,0
party_list_31_1_37,0
party_list_31_1_38,0
party_list_31_1_39,0
party_list_31_1_40,0
party_list_31_1_41,0
party_list_31_1_42,0
party_list_31_1_43,0
party_list_31_1_44,0
party_list_31_1_45,0
party_list_31_1_46,0
party_list_31_1_47,0
party_list_31_1_48,0
party_list_31_1_49,0
party_list_31_1_50,0
party_list_31_1_51,0
party_list_31_1_52,0
party_list_31_1_53,0
party_list_31_1_54,0
party_list_31_1_55,0
party_list_31_1_56,0
party_list_31_1_57,0
party_list_31_10_1,0
party_list_31_10_2,0
party_list_31_10_3,0
party_list_31_10_4,0
party_list_31_10_5,0
party_list_31_10_6,0
party_list_31_10_7,0
party_list_31_10_8,0
party_list_31_10_9,0
party_list_31_10_10,0
party_list_31_10_11,0
party_list_31_10_12,0
party_list_31_10_13,0
party_list_31_10_14,0
party_list_31_10_15,0
party_list_31_10_16,0
party_list_31_10_17,0
party_list_31_10_18,0
party_list_31_10_19,0
party_list_31_10_20,0
party_list_31_10_21,0
party_list_31_10_22,0
party_list_31_10_23,0
party_list_31_10_24,0
party_list_31_10_25,0
party_list_31_10_26,0
party_list_31_10_27,0
party_list_31_10_28,0
party_list_31_10_29,0
party_list_31_10_30,0
party_list_31_10_31,0
party_list_31_10_32,0
party_list_31_10_33,0
party_list_31_10_34,0
party_list_31_10_35,0
party_list_31_10_36,0
party_list_31_10_37,0
party_list_31_10_38,0
party_list_31_10_39,0
party_list_31_10_40,0
party_list_31_10_41,0
party_list_31_10_42,0
party_list_31_10_43,0
party_list_31_10_44,0
party_list_31_10_45,0
party_list_31_10_46,0
party_list_31_10_47,0
party_list_31_10_48,0
party_list_31_10_49,0
party_list_31_10_50,0
party_list_31_10_51,0
party_list_31_10_52,0
party_list_31_10_53,0
party_list_31_10_54,0
party_list_31_10_55,0
party_list_31_10_56,0
party_list_31_10_57,0
party_list_31_2_1,0
party_list_31_2_2,0
party_list_31_2_3,0
party_list_31_2_4,0
party_list_31_2_5,0
party_list_31_2_6,0
party_list_31_2_7,0
party_list_31_2_8,0
party_list_31_2_9,0
party_list_31_2_10,0
party_list_31_2_11,0
party_list_31_2_12,0
party_list_31_2_13,0
party_list_31_2_14,0
party_list_31_2_15,0
party_list_31_2_16,0
party_list_31_2_17,0
party_list_31_2_18,0
party_list_31_2_19,0
party_list_31_2_20,0
party_list_31_2_21,0
party_list_31_2_22,0
party_list_31_2_23,0
party_list_31_2_24,0
party_list_31_2_25,0
party_list_31_2_26,0
party_list_31_2_27,0
party_list_31_2_28,0
party_list_31_2_29,0
party_list_31_2_30,0
party_list_31_2_31,0
party_list_31_2_32,0
party_list_31_2_33,0
party_list_31_2_34,0
party_list_31_2_35,0
party_list_31_2_36,0
party_list_31_2_37,0
party_list_31_2_38,0
party_list_31_2_39,0
party_list_31_2_40,0
party_list_31_2_41,0
party_list_31_2_42,0
party_list_31_2_43,0
party_list_31_2_44,0
party_list_31_2_45,0
party_list_31_2_46,0
party_list_31_2_47,0
party_list_31_2_48,0
party_list_31_2_49,0
party_list_31_2_50,0
party_list_31_2_51,0
party_list_31_2_52,0
party_list_31_2_53,0
party_list_31_2_54,0
party_list_31_2_55,0
party_list_31_2_56,0
party_list_31_2_57,0
party_list_31_3_1,0
party_list_31_3_2,0
party_list_31_3_3,0
party_list_31_3_4,0
party_list_31_3_5,0
party_list_31_3_6,0
party_list_31_3_7,0
party_list_31_3_8,0
party_list_31_3_9,0
party_list_31_3_10,0
party_list_31_3_11,0
party_list_31_3_12,0
party_list_31_3_13,0
party_list_31_3_14,0
party_list_31_3_15,0
party_list_31_3_16,0
party_list_31_3_17,0
party_list_31_3_18,0
party_list_31_3_19,0
party_list_31_3_20,0
party_list_31_3_21,0
party_list_31_3_22,0
party_list_31_3_23,0
party_list_31_3_24,0
party_list_31_3_25,0
party_list_31_3_26,0
party_list_31_3_27,0
party_list_31_3_28,0
party_list_31_3_29,0
party_list_31_3_30,0
party_list_31_3_31,0
party_list_31_3_32,0
party_list_31_3_33,0
party_list_31_3_34,0
party_list_31_3_35,0
party_list_31_3_36,0
party_list_31_3_37,0
party_list_31_3_38,0
party_list_31_3_39,0
party_list_31_3_40,0
party_list_31_3_41,0
party_list_31_3_42,0
party_list_31_3_43,0
party_list_31_3_44,0
party_list_31_3_45,0
party_list_31_3_46,0
party_list_31_3_47,0
party_list_31_3_48,0
party_list_31_3_49,0
party_list_31_3_50,0
party_list_31_3_51,0
party_list_31_3_52,0
party_list_31_3_53,0
party_list_31_3_54,0
party_list_31_3_55,0
party_list_31_3_56,0
party_list_31_3_57,0
party_list_31_4_1,0
party_list_31_4_2,0
party_list_31_4_3,0
party_list_31_4_4,0
party_list_31_4_5,0
party_list_31_4_6,0
party_list_31_4_7,0
party_list_31_4_8,0
party_list_31_4_9,0
party_list_31_4_10,0
party_list_31_4_11,0
party_list_31_4_12,0
party_list_31_4_13,0
party_list_31_4_14,0
party_list_31_4_15,0
party_list_31_4_16,0
party_list_31_4_17,0
party_list_31_4_18,0
party_list_31_4_19,0
party_list_31_4_20,0
party_list_31_4_21,0
party_list_31_4_22,0
party_list_31_4_23,0
party_list_31_4_24,0
party_list_31_4_25,0
party_list_31_4_26,0
party_list_31_4_27,0
party_list_31_4_28,0
party_list_31_4_29,0
party_list_31_4_30,0
party_list_31_4_31,0
party_list_31_4_32,0
party_list_31_4_33,0
party_list_31_4_34,0
party_list_31_4_35,0
party_list_31_4_36,0
party_list_31_4_37,0
party_list_31_4_38,0
party_list_31_4_39,0
party_list_31_4_40,0
party_list_31_4_41,0
party_list_31_4_42,0
party_list_31_4_43,0
party_list_31_4_44,0
party_list_31_4_45,0
party_list_31_4_46,0
party_list_31_4_47,0
party_list_31_4_48,0
party_list_31_4_49,0
party_list_31_4_50,0
party_list_31_4_51,0
party_list_31_4_52,0
party_list_31_4_53,0
party_list_31_4_54,0
party_list_31_4_55,0
party_list_31_4_56,0
party_list_31_4_57,0
party_list_31_5_1,0
party_list_31_5_2,0
party_list_31_5_3,0
party_list_31_5_4,0
party_list_31_5_5,0
party_list_31_5_6,0
party_list_31_5_7,0
party_list_31_5_8,0
party_list_31_5_9,0
party_list_31_5_10,0
party_list_31_5_11,0
party_list_31_5_12,0
party_list_31_5_13,0
party_list_31_5_14,0
party_list_31_5_15,0
party_list_31_5_16,0
party_list_31_5_17,0
party_list_31_5_18,0
party_list_31_5_19,0
party_list_31_5_20,0
party_list_31_5_21,0
party_list_31_5_22,0
party_list_31_5_23,0
party_list_31_5_24,0
party_list_31_5_25,0
party_list_31_5_26,0
party_list_31_5_27,0
party_list_31_5_28,0
party_list_31_5_29,0
party_list_31_5_30,0
party_list_31_5_31,0
party_list_31_5_32,0
party_list_31_5_33,0
party_list_31_5_34,0
party_list_31_5_35,0
party_list_31_5_36,0
party_list_31_5_37,0
party_list_31_5_38,0
party_list_31_5_39,0
party_list_31_5_40,0
party_list_31_5_41,0
party_list_31_5_42,0
party_list_31_5_43,0
party_list_31_5_44,0
party_list_31_5_45,0
party_list_31_5_46,0
party_list_31_5_47,0
party_list_31_5_48,0
party_list_31_5_49,0
party_list_31_5_50,0
party_list_31_5_51,0
party_list_31_5_52,0
party_list_31_5_53,0
party_list_31_5_54,0
party_list_31_5_55,0
party_list_31_5_56,0
party_list_31_5_57,0
party_list_31_6_1,0
party_list_31_6_2,0
party_list_31_6_3,0
party_list_31_6_4,0
party_list_31_6_5,0
party_list_31_6_6,0
party_list_31_6_7,0
party_list_31_6_8,0
party_list_31_6_9,0
party_list_31_6_10,0
party_list_31_6_11,0
party_list_31_6_12,0
party_list_31_6_13,0
party_list_31_6_14,0
party_list_31_6_15,0
party_list_31_6_16,0
party_list_31_6_17,0
party_list_31_6_18,0
party_list_31_6_19,0
party_list_31_6_20,0
party_list_31_6_21,0
party_list_31_6_22,0
party_list_31_6_23,0
party_list_31_6_24,0
party_list_31_6_25,0
party_list_31_6_26,0
party_list_31_6_27,0
party_list_31_6_28,0
party_list_31_6_29,0
party_list_31_6_30,0
party_list_31_6_31,0
party_list_31_6_32,0
party_list_31_6_33,0
party_list_31_6_34,0
party_list_31_6_35,0
party_list_31_6_36,0
party_list_31_6_37,0
party_list_31_6_38,0
party_list_31_6_39,0
party_list_31_6_40,0
party_list_31_6_41,0
party_list_31_6_42,0
party_list_31_6_43,0
party_list_31_6_44,0
party_list_31_6_45,0
party_list_31_6_46,0
party_list_31_6_47,0
party_list_31_6_48,0
party_list_31_6_49,0
party_list_31_6_50,0
party_list_31_6_51,0
party_list_31_6_52,0
party_list_31_6_53,0
party_list_31_6_54,0
party_list_31_6_55,0
party_list_31_6_56,0
party_list_31_6_57,0
party_list_31_7_1,0
party_list_31_7_2,0
party_list_31_7_3,0
party_list_31_7_4,0
party_list_31_7_5,0
party_list_31_7_6,0
party_list_31_7_7,0
party_list_31_7_8,0
party_list_31_7_9,0
party_list_31_7_10,0
party_list_31_7_11,0
party_list_31_7_12,0
party_list_31_7_13,0
party_list_31_7_14,0
party_list_31_7_15,0
party_list_31_7_16,0
party_list_31_7_17,0
party_list_31_7_18,0
party_list_31_7_19,0
party_list_31_7_20,0
party_list_31_7_21,0
party_list_31_7_22,0
party_list_31_7_23,0
party_list_31_7_24,0
party_list_31_7_25,0
party_list_31_7_26,0
party_list_31_7_27,0
party_list_31_7_28,0
party_list_31_7_29,0
party_list_31_7_30,0
party_list_31_7_31,0
party_list_31_7_32,0
party_list_31_7_33,0
party_list_31_7_34,0
party_list_31_7_35,0
party_list_31_7_36,0
party_list_31_7_37,0
party_list_31_7_38,0
party_list_31_7_39,0
party_list_31_7_40,0
party_list_31_7_41,0
party_list_31_7_42,0
party_list_31_7_43,0
party_list_31_7_44,0
party_list_31_7_45,0
party_list_31_7_46,0
party_list_31_7_47,0
party_list_31_7_48,0
party_list_31_7_49,0
party_list_31_7_50,0
party_list_31_7_51,0
party_list_31_7_52,0
party_list_31_7_53,0
party_list_31_7_54,0
party_list_31_7_55,0
party_list_31_7_56,0
party_list_31_7_57,0
party_list_31_8_1,465
party_list_31_8_2,740
party_list_31_8_3,202
party_list_31_8_4,151
party_list_31_8_5,3011
party_list_31_8_6,0
party_list_31_8_7,844
party_list_31_8_8,328
party_list_31_8_9,661
party_list_31_8_10,7277
party_list_31_8_11,279
party_list_31_8_12,236
party_list_31_8_13,354
party_list_31_8_14,49
party_list_31_8_15,73
party_list_31_8_16,140
party_list_31_8_17,143
party_list_31_8_18,20
party_list_31_8_19,18
party_list_31_8_20,25
party_list_31_8_21,60
party_list_31_8_22,25
party_list_31_8_23,54
party_list_31_8_24,37
party_list_31_8_25,37
party_list_31_8_26,49
party_list_31_8_27,1451
party_list_31_8_28,766
party_list_31_8_29,109
party_list_31_8_30,263
party_list_31_8_31,126
party_list_31_8_32,87
party_list_31_8_33,41
party_list_31_8_34,264
party_list_31_8_35,334
party_list_31_8_36,225
party_list_31_8_37,39318
party_list_31_8_38,199
party_list_31_8_39,37
party_list_31_8_40,27
party_list_31_8_41,97
party_list_31_8_42,81
party_list_31_8_43,276
party_list_31_8_44,61
party_list_31_8_45,16425
party_list_31_8_46,123
party_list_31_8_47,184
party_list_31_8_48,0
party_list_31_8_49,8
party_list_31_8_50,41
party_list_31_8_51,18
party_list_31_8_52,15
party_list_31_8_53,12
party_list_31_8_54,21
party_list_31_8_55,36
party_list_31_8_56,87
party_list_31_8_57,0
party_list_31_9_1,220
party_list_31_9_2,534
party_list_31_9_3,292
party_list_31_9_4,111
party_list_31_9_5,2406
party_list_31_9_6,0
party_list_31_9_7,88
party_list_31_9_8,672
party_list_31_9_9,6089
party_list_31_9_10,270
party_list_31_9_11,3448
party_list_31_9_12,172
party_list_31_9_13,272
party_list_31_9_14,47
party_list_31_9_15,70
party_list_31_9_16,139
party_list_31_9_17,133
party_list_31_9_18,27
party_list_31_9_19,25
party_list_31_9_20,21
party_list_31_9_21,101
party_list_31_9_22,45
party_list_31_9_23,88
party_list_31_9_24,28
party_list_31_9_25,32
party_list_31_9_26,0
party_list_31_9_27,0
party_list_31_9_28,0
party_list_31_9_29,0
party_list_31_9_30,0
party_list_31_9_31,0
party_list_31_9_32,0
party_list_31_9_33,0
party_list_31_9_34,0
party_list_31_9_35,0
party_list_31_9_36,0
party_list_31_9_37,0
party_list_31_9_38,0
party_list_31_9_39,0
party_list_31_9_40,0
party_list_31_9_41,0
party_list_31_9_42,0
party_list_31_9_43,0
party_list_31_9_44,0
party_list_31_9_45,0
party_list_31_9_46,0
party_list_31_9_47,0
party_list_31_9_48,0
party_list_31_9_49,0
party_list_31_9_50,0
party_list_31_9_51,0
party_list_31_9_52,0
party_list_31_9_53,25
party_list_31_9_54,11
party_list_31_9_55,19
party_list_31_9_56,29
party_list_31_9_57,87
party_list_32_1_1,0
party_list_32_1_2,0
party_list_32_1_3,0
party_list_32_1_4,0
party_list_32_1_5,0
party_list_32_1_6,0
party_list_32_1_7,0
party_list_32_1_8,0
party_list_32_1_9,0
party_list_32_1_10,0
party_list_32_1_11,0
party_list_32_1_12,0
party_list_32_1_13,0
party_list_32_1_14,0
party_list_32_1_15,0
party_list_32_1_16,0
party_list_32_1_17,0
party_list_32_1_18,0
party_list_32_1_19,0
party_list_32_1_20,0
party_list_32_1_21,0
party_list_32_1_22,0
party_list_32_1_23,0
party_list_32_1_24,0
party_list_32_1_25,0
party_list_32_1_26,0
party_list_32_1_27,0
party_list_32_1_28,0
party_list_32_1_29,0
party_list_32_1_30,0
party_list_32_1_31,0
party_list_32_1_32,0
party_list_32_1_33,0
party_list_32_1_34,0
party_list_32_1_35,0
party_list_32_1_36,0
party_list_32_1_37,0
party_list_32_1_38,0
party_list_32_1_39,0
party_list_32_1_40,0
party_list_32_1_41,0
party_list_32_1_42,0
party_list_32_1_43,0
party_list_32_1_44,0
party_list_32_1_45,0
party_list_32_1_46,0
party_list_32_1_47,0
party_list_32_1_48,0
party_list_32_1_49,0
party_list_32_1_50,0
party_list_32_1_51,0
party_list_32_1_52,0
party_list_32_1_53,0
party_list_32_1_54,0
party_list_32_1_55,0
party_list_32_1_56,0
party_list_32_1_57,0
party_list_32_2_1,0
party_list_32_2_2,0
party_list_32_2_3,0
party_list_32_2_4,0
party_list_32_2_5,0
party_list_32_2_6,0
party_list_32_2_7,0
party_list_32_2_8,0
party_list_32_2_9,0
party_list_32_2_10,0
party_list_32_2_11,0
party_list_32_2_12,0
party_list_32_2_13,0
party_list_32_2_14,0
party_list_32_2_15,0
party_list_32_2_16,0
party_list_32_2_17,0
party_list_32_2_18,0
party_list_32_2_19,0
party_list_32_2_20,0
party_list_32_2_21,0
party_list_32_2_22,0
party_list_32_2_23,0
party_list_32_2_24,0
party_list_32_2_25,0
party_list_32_2_26,0
party_list_32_2_27,0
party_list_32_2_28,0
party_list_32_2_29,0
party_list_32_2_30,0
party_list_32_2_31,0
party_list_32_2_32,0
party_list_32_2_33,0
party_list_32_2_34,0
party_list_32_2_35,0
party_list_32_2_36,0
party_list_32_2_37,0
party_list_32_2_38,0
party_list_32_2_39,0
party_list_32_2_40,0
party_list_32_2_41,0
party_list_32_2_42,0
party_list_32_2_43,0
party_list_32_2_44,0
party_list_32_2_45,0
party_list_32_2_46,0
party_list_32_2_47,0
party_list_32_2_48,0
party_list_32_2_49,0
party_list_32_2_50,0
party_list_32_2_51,0
party_list_32_2_52,0
party_list_32_2_53,0
party_list_32_2_54,0
party_list_32_2_55,0
party_list_32_2_56,0
party_list_32_2_57,0
party_list_32_3_1,0
party_list_32_3_2,0
party_list_32_3_3,0
party_list_32_3_4,0
party_list_32_3_5,0
party_list_32_3_6,0
party_list_32_3_7,0
party_list_32_3_8,0
party_list_32_3_9,0
party_list_32_3_10,0
party_list_32_3_11,0
party_list_32_3_12,0
party_list_32_3_13,0
party_list_32_3_14,0
party_list_32_3_15,0
party_list_32_3_16,0
party_list_32_3_17,0
party_list_32_3_18,0
party_list_32_3_19,0
party_list_32_3_20,0
party_list_32_3_21,0
party_list_32_3_22,0
party_list_32_3_23,0
party_list_32_3_24,0
party_list_32_3_25,0
party_list_32_3_26,0
party_list_32_3_27,0
party_list_32_3_28,0
party_list_32_3_29,0
party_list_32_3_30,0
party_list_32_3_31,0
party_list_32_3_32,0
party_list_32_3_33,0
party_list_32_3_34,0
party_list_32_3_35,0
party_list_32_3_36,0
party_list_32_3_37,0
party_list_32_3_38,0
party_list_32_3_39,0
party_list_32_3_40,0
party_list_32_3_41,0
party_list_32_3_42,0
party_list_32_3_43,0
party_list_32_3_44,0
party_list_32_3_45,0
party_list_32_3_46,0
party_list_32_3_47,0
party_list_32_3_48,0
party_list_32_3_49,0
party_list_32_3_50,0
party_list_32_3_51,0
party_list_32_3_52,0
party_list_32_3_53,0
party_list_32_3_54,0
party_list_32_3_55,0
party_list_32_3_56,0
party_list_32_3_57,0
party_list_32_4_1,0
party_list_32_4_2,0
party_list_32_4_3,0
party_list_32_4_4,0
party_list_32_4_5,0
party_list_32_4_6,0
party_list_32_4_7,0
party_list_32_4_8,0
party_list_32_4_9,0
party_list_32_4_10,0
party_list_32_4_11,0
party_list_32_4_12,0
party_list_32_4_13,0
party_list_32_4_14,0
party_list_32_4_15,0
party_list_32_4_16,0
party_list_32_4_17,0
party_list_32_4_18,0
party_list_32_4_19,0
party_list_32_4_20,0
party_list_32_4_21,0
party_list_32_4_22,0
party_list_32_4_23,0
party_list_32_4_24,0
party_list_32_4_25,0
party_list_32_4_26,0
party_list_32_4_27,0
party_list_32_4_28,0
party_list_32_4_29,0
party_list_32_4_30,0
party_list_32_4_31,0
party_list_32_4_32,0
party_list_32_4_33,0
party_list_32_4_34,0
party_list_32_4_35,0
party_list_32_4_36,0
party_list_32_4_37,0
party_list_32_4_38,0
party_list_32_4_39,0
party_list_32_4_40,0
party_list_32_4_41,0
party_list_32_4_42,0
party_list_32_4_43,0
party_list_32_4_44,0
party_list_32_4_45,0
party_list_32_4_46,0
party_list_32_4_47,0
party_list_32_4_48,0
party_list_32_4_49,0
party_list_32_4_50,0
party_list_32_4_51,0
party_list_32_4_52,0
party_list_32_4_53,0
party_list_32_4_54,0
party_list_32_4_55,0
party_list_32_4_56,0
party_list_32_4_57,0
party_list_32_5_1,0
party_list_32_5_2,0
party_list_32_5_3,0
party_list_32_5_4,0
party_list_32_5_5,0
party_list_32_5_6,0
party_list_32_5_7,0
party_list_32_5_8,0
party_list_32_5_9,0
party_list_32_5_10,0
party_list_32_5_11,0
party_list_32_5_12,0
party_list_32_5_13,0
party_list_32_5_14,0
party_list_32_5_15,0
party_list_32_5_16,0
party_list_32_5_17,0
party_list_32_5_18,0
party_list_32_5_19,0
party_list_32_5_20,0
party_list_32_5_21,0
party_list_32_5_22,0
party_list_32_5_23,0
party_list_32_5_24,0
party_list_32_5_25,0
party_list_32_5_26,0
party_list_32_5_27,0
party_list_32_5_28,0
party_list_32_5_29,0
party_list_32_5_30,0
party_list_32_5_31,0
party_list_32_5_32,0
party_list_32_5_33,0
party_list_32_5_34,0
party_list_32_5_35,0
party_list_32_5_36,0
party_list_32_5_37,0
party_list_32_5_38,0
party_list_32_5_39,0
party_list_32_5_40,0
party_list_32_5_41,0
party_list_32_5_42,0
party_list_32_5_43,0
party_list_32_5_44,0
party_list_32_5_45,0
party_list_32_5_46,0
party_list_32_5_47,0
party_list_32_5_48,0
party_list_32_5_49,0
party_list_32_5_50,0
party_list_32_5_51,0
party_list_32_5_52,0
party_list_32_5_53,0
party_list_32_5_54,0
party_list_32_5_55,0
party_list_32_5_56,0
party_list_32_5_57,0
party_list_32_6_1,0
party_list_32_6_2,0
party_list_32_6_3,0
party_list_32_6_4,0
party_list_32_6_5,0
party_list_32_6_6,0
party_list_32_6_7,0
party_list_32_6_8,0
party_list_32_6_9,0
party_list_32_6_10,0
party_list_32_6_11,0
party_list_32_6_12,0
party_list_32_6_13,0
party_list_32_6_14,0
party_list_32_6_15,0
party_list_32_6_16,0
party_list_32_6_17,0
party_list_32_6_18,0
party_list_32_6_19,0
party_list_32_6_20,0
party_list_32_6_21,0
party_list_32_6_22,0
party_list_32_6_23,0
party_list_32_6_24,0
party_list_32_6_25,0
party_list_32_6_26,0
party_list_32_6_27,0
party_list_32_6_28,0
party_list_32_6_29,0
party_list_32_6_30,0
party_list_32_6_31,0
party_list_32_6_32,0
party_list_32_6_33,0
party_list_32_6_34,0
party_list_32_6_35,0
party_list_32_6_36,0
party_list_32_6_37,0
party_list_32_6_38,0
party_list_32_6_39,0
party_list_32_6_40,0
party_list_32_6_41,0
party_list_32_6_42,0
party_list_32_6_43,0
party_list_32_6_44,0
party_list_32_6_45,0
party_list_32_6_46,0
party_list_32_6_47,0
party_list_32_6_48,0
party_list_32_6_49,0
party_list_32_6_50,0
party_list_32_6_51,0
party_list_32_6_52,0
party_list_32_6_53,0
party_list_32_6_54,0
party_list_32_6_55,0
party_list_32_6_56,0
party_list_32_6_57,0
party_list_32_7_1,1857
party_list_32_7_2,446
party_list_32_7_3,1225
party_list_32_7_4,2344
party_list_32_7_5,591
party_list_32_7_6,1156
party_list_32_7_7,109
party_list_32_7_8,403
party_list_32_7_9,20389
party_list_32_7_10,336
party_list_32_7_11,5310
party_list_32_7_12,334
party_list_32_7_13,352
party_list_32_7_14,57
party_list_32_7_15,188
party_list_32_7_16,103
party_list_32_7_17,17
party_list_32_7_18,0
party_list_32_7_19,28
party_list_32_7_20,20
party_list_32_7_21,108
party_list_32_7_22,50
party_list_32_7_23,79
party_list_32_7_24,62
party_list_32_7_25,24
party_list_32_7_26,47
party_list_32_7_27,1496
party_list_32_7_28,76
party_list_32_7_29,279
party_list_32_7_30,121
party_list_32_7_31,257
party_list_32_7_32,214
party_list_32_7_33,189
party_list_32_7_34,119
party_list_32_7_35,153
party_list_32_7_36,0
party_list_32_7_37,27891
party_list_32_7_38,436
party_list_32_7_39,56
party_list_32_7_40,88
party_list_32_7_41,170
party_list_32_7_42,105
party_list_32_7_43,22
party_list_32_7_44,45
party_list_32_7_45,16874
party_list_32_7_46,0
party_list_32_7_47,257
party_list_32_7_48,135
party_list_32_7_49,9
party_list_32_7_50,39
party_list_32_7_51,20
party_list_32_7_52,8
party_list_32_7_53,16
party_list_32_7_54,13
party_list_32_7_55,30
party_list_32_7_56,55
party_list_32_7_57,85211
party_list_32_8_1,0
party_list_32_8_2,0
party_list_32_8_3,0
party_list_32_8_4,0
party_list_32_8_5,0
party_list_32_8_6,0
party_list_32_8_7,0
party_list_32_8_8,0
party_list_32_8_9,0
party_list_32_8_10,0
party_list_32_8_11,0
party_list_32_8_12,0
party_list_32_8_13,0
party_list_32_8_14,0
party_list_32_8_15,0
party_list_32_8_16,0
party_list_32_8_17,0
party_list_32_8_18,0
party_list_32_8_19,0
party_list_32_8_20,0
party_list_32_8_21,0
party_list_32_8_22,0
party_list_32_8_23,0
party_list_32_8_24,0
party_list_32_8_25,0
party_list_32_8_26,0
party_list_32_8_27,0
party_list_32_8_28,0
party_list_32_8_29,0
party_list_32_8_30,0
party_list_32_8_31,0
party_list_32_8_32,0
party_list_32_8_33,0
party_list_32_8_34,0
party_list_32_8_35,0
party_list_32_8_36,0
party_list_32_8_37,0
party_list_32_8_38,0
party_list_32_8_39,0
party_list_32_8_40,0
party_list_32_8_41,0
party_list_32_8_42,0
party_list_32_8_43,0
party_list_32_8_44,0
party_list_32_8_45,0
party_list_32_8_46,0
party_list_32_8_47,0
party_list_32_8_48,0
party_list_32_8_49,0
party_list_32_8_50,0
party_list_32_8_51,0
party_list_32_8_52,0
party_list_32_8_53,0
party_list_32_8_54,0
party_list_32_8_55,0
party_list_32_8_56,0
party_list_32_8_57,0
party_list_33_1_1,0
party_list_33_1_2,0
party_list_33_1_3,0
party_list_33_1_4,0
party_list_33_1_5,0
party_list_33_1_6,0
party_list_33_1_7,0
party_list_33_1_8,0
party_list_33_1_9,0
party_list_33_1_10,0
party_list_33_1_11,0
party_list_33_1_12,0
party_list_33_1_13,0
party_list_33_1_14,0
party_list_33_1_15,0
party_list_33_1_16,0
party_list_33_1_17,0
party_list_33_1_18,0
party_list_33_1_19,0
party_list_33_1_20,0
party_list_33_1_21,0
party_list_33_1_22,0
party_list_33_1_23,0
party_list_33_1_24,0
party_list_33_1_25,0
party_list_33_1_26,0
party_list_33_1_27,0
party_list_33_1_28,0
party_list_33_1_29,0
party_list_33_1_30,0
party_list_33_1_31,0
party_list_33_1_32,0
party_list_33_1_33,0
party_list_33_1_34,0
party_list_33_1_35,0
party_list_33_1_36,0
party_list_33_1_37,0
party_list_33_1_38,0
party_list_33_1_39,0
party_list_33_1_40,0
party_list_33_1_41,0
party_list_33_1_42,0
party_list_33_1_43,0
party_list_33_1_44,0
party_list_33_1_45,0
party_list_33_1_46,0
party_list_33_1_47,0
party_list_33_1_48,0
party_list_33_1_49,0
party_list_33_1_50,0
party_list_33_1_51,0
party_list_33_1_52,0
party_list_33_1_53,0
party_list_33_1_54,0
party_list_33_1_55,0
party_list_33_1_56,0
party_list_33_1_57,0
party_list_33_2_1,0
party_list_33_2_2,0
party_list_33_2_3,0
party_list_33_2_4,0
party_list_33_2_5,0
party_list_33_2_6,0
party_list_33_2_7,0
party_list_33_2_8,0
party_list_33_2_9,0
party_list_33_2_10,0
party_list_33_2_11,0
party_list_33_2_12,0
party_list_33_2_13,0
party_list_33_2_14,0
party_list_33_2_15,0
party_list_33_2_16,0
party_list_33_2_17,0
party_list_33_2_18,0
party_list_33_2_19,0
party_list_33_2_20,0
party_list_33_2_21,0
party_list_33_2_22,0
party_list_33_2_23,0
party_list_33_2_24,0
party_list_33_2_25,0
party_list_33_2_26,0
party_list_33_2_27,0
party_list_33_2_28,0
party_list_33_2_29,0
party_list_33_2_30,0
party_list_33_2_31,0
party_list_33_2_32,0
party_list_33_2_33,0
party_list_33_2_34,0
party_list_33_2_35,0
party_list_33_2_36,0
party_list_33_2_37,0
party_list_33_2_38,0
party_list_33_2_39,0
party_list_33_2_40,0
party_list_33_2_41,0
party_list_33_2_42,0
party_list_33_2_43,0
party_list_33_2_44,0
party_list_33_2_45,0
party_list_33_2_46,0
party_list_33_2_47,0
party_list_33_2_48,0
party_list_33_2_49,0
party_list_33_2_50,0
party_list_33_2_51,0
party_list_33_2_52,0
party_list_33_2_53,0
party_list_33_2_54,0
party_list_33_2_55,0
party_list_33_2_56,0
party_list_33_2_57,0
party_list_33_3_1,0
party_list_33_3_2,0
party_list_33_3_3,0
party_list_33_3_4,0
party_list_33_3_5,0
party_list_33_3_6,0
party_list_33_3_7,0
party_list_33_3_8,0
party_list_33_3_9,0
party_list_33_3_10,0
party_list_33_3_11,0
party_list_33_3_12,0
party_list_33_3_13,0
party_list_33_3_14,0
party_list_33_3_15,0
party_list_33_3_16,0
party_list_33_3_17,0
party_list_33_3_18,0
party_list_33_3_19,0
party_list_33_3_20,0
party_list_33_3_21,0
party_list_33_3_22,0
party_list_33_3_23,0
party_list_33_3_24,0
party_list_33_3_25,0
party_list_33_3_26,64
party_list_33_3_27,1522
party_list_33_3_28,89
party_list_33_3_29,236
party_list_33_3_30,179
party_list_33_3_31,272
party_list_33_3_32,161
party_list_33_3_33,362
party_list_33_3_34,230
party_list_33_3_35,126
party_list_33_3_36,359
party_list_33_3_37,20441
party_list_33_3_38,403
party_list_33_3_39,64
party_list_33_3_40,96
party_list_33_3_41,58
party_list_33_3_42,148
party_list_33_3_43,331
party_list_33_3_44,35
party_list_33_3_45,49
party_list_33_3_46,15195
party_list_33_3_47,199
party_list_33_3_48,0
party_list_33_3_49,111
party_list_33_3_50,25
party_list_33_3_51,31
party_list_33_3_52,20
party_list_33_3_53,11
party_list_33_3_54,17
party_list_33_3_55,30
party_list_33_3_56,76
party_list_33_3_57,78
party_list_33_4_1,0
party_list_33_4_2,0
party_list_33_4_3,0
party_list_33_4_4,0
party_list_33_4_5,0
party_list_33_4_6,0
party_list_33_4_7,0
party_list_33_4_8,0
party_list_33_4_9,0
party_list_33_4_10,0
party_list_33_4_11,0
party_list_33_4_12,0
party_list_33_4_13,0
party_list_33_4_14,0
party_list_33_4_15,0
party_list_33_4_16,0
party_list_33_4_17,0
party_list_33_4_18,0
party_list_33_4_19,0
party_list_33_4_20,0
party_list_33_4_21,0
party_list_33_4_22,0
party_list_33_4_23,0
party_list_33_4_24,0
party_list_33_4_25,0
party_list_33_4_26,0
party_list_33_4_27,0
party_list_33_4_28,0
party_list_33_4_29,0
party_list_33_4_30,0
party_list_33_4_31,0
party_list_33_4_32,0
party_list_33_4_33,0
party_list_33_4_34,0
party_list_33_4_35,0
party_list_33_4_36,0
party_list_33_4_37,0
party_list_33_4_38,0
party_list_33_4_39,0
party_list_33_4_40,0
party_list_33_4_41,0
party_list_33_4_42,0
party_list_33_4_43,0
party_list_33_4_44,0
party_list_33_4_45,0
party_list_33_4_46,0
party_list_33_4_47,0
party_list_33_4_48,0
party_list_33_4_49,0
party_list_33_4_50,0
party_list_33_4_51,0
party_list_33_4_52,0
party_list_33_4_53,0
party_list_33_4_54,0
party_list_33_4_55,0
party_list_33_4_56,0
party_list_33_4_57,0
party_list_33_5_1,0
party_list_33_5_2,0
party_list_33_5_3,0
party_list_33_5_4,0
party_list_33_5_5,0
party_list_33_5_6,0
party_list_33_5_7,0
party_list_33_5_8,0
party_list_33_5_9,0
party_list_33_5_10,0
party_list_33_5_11,0
party_list_33_5_12,0
party_list_33_5_13,0
party_list_33_5_14,0
party_list_33_5_15,0
party_list_33_5_16,0
party_list_33_5_17,0
party_list_33_5_18,0
party_list_33_5_19,0
party_list_33_5_20,0
party_list_33_5_21,0
party_list_33_5_22,0
party_list_33_5_23,0
party_list_33_5_24,0
party_list_33_5_25,0
party_list_33_5_26,0
party_list_33_5_27,0
party_list_33_5_28,0
party_list_33_5_29,0
party_list_33_5_30,0
party_list_33_5_31,0
party_list_33_5_32,0
party_list_33_5_33,0
party_list_33_5_34,0
party_list_33_5_35,0
party_list_33_5_36,0
party_list_33_5_37,0
party_list_33_5_38,0
party_list_33_5_39,0
party_list_33_5_40,0
party_list_33_5_41,0
party_list_33_5_42,0
party_list_33_5_43,0
party_list_33_5_44,0
party_list_33_5_45,0
party_list_33_5_46,0
party_list_33_5_47,0
party_list_33_5_48,0
party_list_33_5_49,0
party_list_33_5_50,0
party_list_33_5_51,0
party_list_33_5_52,0
party_list_33_5_53,0
party_list_33_5_54,0
party_list_33_5_55,0
party_list_33_5_56,0
party_list_33_5_57,0
party_list_33_6_1,538
party_list_33_6_2,3310
party_list_33_6_3,279
party_list_33_6_4,2213
party_list_33_6_5,434
party_list_33_6_6,898
party_list_33_6_7,126
party_list_33_6_8,703
party_list_33_6_9,23357
party_list_33_6_10,258
party_list_33_6_11,2209
party_list_33_6_12,227
party_list_33_6_13,363
party_list_33_6_14,55
party_list_33_6_15,58
party_list_33_6_16,136
party_list_33_6_17,33
party_list_33_6_18,43
party_list_33_6_19,33
party_list_33_6_20,125
party_list_33_6_21,28
party_list_33_6_22,50
party_list_33_6_23,43
party_list_33_6_24,26
party_list_33_6_25,62
party_list_33_6_26,1053
party_list_33_6_27,70
party_list_33_6_28,185
party_list_33_6_29,128
party_list_33_6_30,392
party_list_33_6_31,234
party_list_33_6_32,255
party_list_33_6_33,111
party_list_33_6_34,0
party_list_33_6_35,96
party_list_33_6_36,181
party_list_33_6_37,21166
party_list_33_6_38,474
party_list_33_6_39,73
party_list_33_6_40,40
party_list_33_6_41,30
party_list_33_6_42,158
party_list_33_6_43,81
party_list_33_6_44,34
party_list_33_6_45,16674
party_list_33_6_46,107
party_list_33_6_47,182
party_list_33_6_48,149
party_list_33_6_49,6
party_list_33_6_50,20
party_list_33_6_51,15
party_list_33_6_52,5
party_list_33_6_53,16
party_list_33_6_54,15
party_list_33_6_55,25
party_list_33_6_56,48
party_list_33_6_57,77850
party_list_33_7_1,0
party_list_33_7_2,2387
party_list_33_7_3,1153
party_list_33_7_4,224
party_list_33_7_5,127
party_list_33_7_6,2595
party_list_33_7_7,122
party_list_33_7_8,419
party_list_33_7_9,31498
party_list_33_7_10,286
party_list_33_7_11,1725
party_list_33_7_12,219
party_list_33_7_13,49
party_list_33_7_14,46
party_list_33_7_15,212
party_list_33_7_16,101
party_list_33_7_17,14
party_list_33_7_18,36
party_list_33_7_19,27
party_list_33_7_20,132
party_list_33_7_21,15
party_list_33_7_22,55
party_list_33_7_23,40
party_list_33_7_24,12
party_list_33_7_25,39
party_list_33_7_26,784
party_list_33_7_27,68
party_list_33_7_28,150
party_list_33_7_29,283
party_list_33_7_30,208
party_list_33_7_31,104
party_list_33_7_32,64
party_list_33_7_33,88
party_list_33_7_34,270
party_list_33_7_35,165
party_list_33_7_36,17847
party_list_33_7_37,638
party_list_33_7_38,0
party_list_33_7_39,60
party_list_33_7_40,27
party_list_33_7_41,23
party_list_33_7_42,95
party_list_33_7_43,111
party_list_33_7_44,32
party_list_33_7_45,44
party_list_33_7_46,15171
party_list_33_7_47,97
party_list_33_7_48,198
party_list_33_7_49,108
party_list_33_7_50,11
party_list_33_7_51,30
party_list_33_7_52,4
party_list_33_7_53,7
party_list_33_7_54,9
party_list_33_7_55,6
party_list_33_7_56,18
party_list_33_7_57,39
party_list_33_8_1,369
party_list_33_8_2,3054
party_list_33_8_3,260
party_list_33_8_4,570
party_list_33_8_5,367
party_list_33_8_6,0
party_list_33_8_7,677
party_list_33_8_8,548
party_list_33_8_9,19414
party_list_33_8_10,225
party_list_33_8_11,1961
party_list_33_8_12,306
party_list_33_8_13,406
party_list_33_8_14,45
party_list_33_8_15,187
party_list_33_8_16,120
party_list_33_8_17,18
party_list_33_8_18,31
party_list_33_8_19,12
party_list_33_8_20,87
party_list_33_8_21,27
party_list_33_8_22,91
party_list_33_8_23,45
party_list_33_8_24,18
party_list_33_8_25,42
party_list_33_8_26,989
party_list_33_8_27,77
party_list_33_8_28,240
party_list_33_8_29,110
party_list_33_8_30,375
party_list_33_8_31,158
party_list_33_8_32,185
party_list_33_8_33,159
party_list_33_8_34,163
party_list_33_8_35,111
party_list_33_8_36,351
party_list_33_8_37,30867
party_list_33_8_38,443
party_list_33_8_39,67
party_list_33_8_40,46
party_list_33_8_41,47
party_list_33_8_42,101
party_list_33_8_43,86
party_list_33_8_44,32
party_list_33_8_45,55
party_list_33_8_46,19149
party_list_33_8_47,158
party_list_33_8_48,350
party_list_33_8_49,166
party_list_33_8_50,14
party_list_33_8_51,31
party_list_33_8_52,10
party_list_33_8_53,12
party_list_33_8_54,15
party_list_33_8_55,13
party_list_33_8_56,24
party_list_33_8_57,50
party_list_33_9_1,0
party_list_33_9_2,0
party_list_33_9_3,0
party_list_33_9_4,0
party_list_33_9_5,0
party_list_33_9_6,0
party_list_33_9_7,0
party_list_33_9_8,0
party_list_33_9_9,0
party_list_33_9_10,0
party_list_33_9_11,0
party_list_33_9_12,0
party_list_33_9_13,0
party_list_33_9_14,0
party_list_33_9_15,0
party_list_33_9_16,0
party_list_33_9_17,0
party_list_33_9_18,0
party_list_33_9_19,0
party_list_33_9_20,0
party_list_33_9_21,0
party_list_33_9_22,0
party_list_33_9_23,0
party_list_33_9_24,0
party_list_33_9_25,0
party_list_33_9_26,0
party_list_33_9_27,0
party_list_33_9_28,0
party_list_33_9_29,0
party_list_33_9_30,0
party_list_33_9_31,0
party_list_33_9_32,0
party_list_33_9_33,0
party_list_33_9_34,0
party_list_33_9_35,0
party_list_33_9_36,0
party_list_33_9_37,0
party_list_33_9_38,0
party_list_33_9_39,0
party_list_33_9_40,0
party_list_33_9_41,0
party_list_33_9_42,0
party_list_33_9_43,0
party_list_33_9_44,0
party_list_33_9_45,0
party_list_33_9_46,0
party_list_33_9_47,0
party_list_33_9_48,0
party_list_33_9_49,0
party_list_33_9_50,0
party_list_33_9_51,0
party_list_33_9_52,0
party_list_33_9_53,0
party_list_33_9_54,0
party_list_33_9_55,0
party_list_33_9_56,0
party_list_33_9_57,0
party_list_34_1_1,0
party_list_34_1_2,0
party_list_34_1_3,0
party_list_34_1_4,0
party_list_34_1_5,0
party_list_34_1_6,0
party_list_34_1_7,0
party_list_34_1_8,0
party_list_34_1_9,0
party_list_34_1_10,0
party_list_34_1_11,0
party_list_34_1_12,0
party_list_34_1_13,0
party_list_34_1_14,0
party_list_34_1_15,0
party_list_34_1_16,0
party_list_34_1_17,0
party_list_34_1_18,0
party_list_34_1_19,0
party_list_34_1_20,0
party_list_34_1_21,0
party_list_34_1_22,0
party_list_34_1_23,0
party_list_34_1_24,0
party_list_34_1_25,0
party_list_34_1_26,0
party_list_34_1_27,0
party_list_34_1_28,0
party_list_34_1_29,0
party_list_34_1_30,0
party_list_34_1_31,0
party_list_34_1_32,0
party_list_34_1_33,0
party_list_34_1_34,0
party_list_34_1_35,0
party_list_34_1_36,0
party_list_34_1_37,0
party_list_34_1_38,0
party_list_34_1_39,0
party_list_34_1_40,0
party_list_34_1_41,0
party_list_34_1_42,0
party_list_34_1_43,0
party_list_34_1_44,0
party_list_34_1_45,0
party_list_34_1_46,0
party_list_34_1_47,0
party_list_34_1_48,0
party_list_34_1_49,0
party_list_34_1_50,0
party_list_34_1_51,0
party_list_34_1_52,0
party_list_34_1_53,0
party_list_34_1_54,0
party_list_34_1_55,0
party_list_34_1_56,0
party_list_34_1_57,0
party_list_34_10_1,0
party_list_34_10_2,0
party_list_34_10_3,0
party_list_34_10_4,0
party_list_34_10_5,0
party_list_34_10_6,0
party_list_34_10_7,0
party_list_34_10_8,0
party_list_34_10_9,0
party_list_34_10_10,0
party_list_34_10_11,0
party_list_34_10_12,0
party_list_34_10_13,0
party_list_34_10_14,0
party_list_34_10_15,0
party_list_34_10_16,0
party_list_34_10_17,0
party_list_34_10_18,0
party_list_34_10_19,0
party_list_34_10_20,0
party_list_34_10_21,0
party_list_34_10_22,0
party_list_34_10_23,0
party_list_34_10_24,0
party_list_34_10_25,0
party_list_34_10_26,0
party_list_34_10_27,0
party_list_34_10_28,0
party_list_34_10_29,0
party_list_34_10_30,0
party_list_34_10_31,0
party_list_34_10_32,0
party_list_34_10_33,0
party_list_34_10_34,0
party_list_34_10_35,0
party_list_34_10_36,0
party_list_34_10_37,0
party_list_34_10_38,0
party_list_34_10_39,0
party_list_34_10_40,0
party_list_34_10_41,0
party_list_34_10_42,0
party_list_34_10_43,0
party_list_34_10_44,0
party_list_34_10_45,0
party_list_34_10_46,0
party_list_34_10_47,0
party_list_34_10_48,0
party_list_34_10_49,0
party_list_34_10_50,0
party_list_34_10_51,0
party_list_34_10_52,0
party_list_34_10_53,0
party_list_34_10_54,0
party_list_34_10_55,0
party_list_34_10_56,0
party_list_34_10_57,0
party_list_34_11_1,462
party_list_34_11_2,1552
party_list_34_11_3,3089
party_list_34_11_4,505
party_list_34_11_5,981
party_list_34_11_6,1680
party_list_34_11_7,294
party_list_34_11_8,558
party_list_34_11_9,13111
party_list_34_11_10,394
party_list_34_11_11,4913
party_list_34_11_12,569
party_list_34_11_13,506
party_list_34_11_14,72
party_list_34_11_15,85
party_list_34_11_16,272
party_list_34_11_17,185
party_list_34_11_18,30
party_list_34_11_19,54
party_list_34_11_20,0
party_list_34_11_21,6554
party_list_34_11_22,71
party_list_34_11_23,115
party_list_34_11_24,317
party_list_34_11_25,57
party_list_34_11_26,120
party_list_34_11_27,2921
party_list_34_11_28,171
party_list_34_11_29,307
party_list_34_11_30,134
party_list_34_11_31,255
party_list_34_11_32,202
party_list_34_11_33,151
party_list_34_11_34,142
party_list_34_11_35,204
party_list_34_11_36,0
party_list_34_11_37,16830
party_list_34_11_38,300
party_list_34_11_39,58
party_list_34_11_40,110
party_list_34_11_41,34
party_list_34_11_42,157
party_list_34_11_43,178
party_list_34_11_44,34
party_list_34_11_45,70
party_list_34_11_46,17866
party_list_34_11_47,162
party_list_34_11_48,1146
party_list_34_11_49,143
party_list_34_11_50,64
party_list_34_11_51,43
party_list_34_11_52,20
party_list_34_11_53,14
party_list_34_11_54,41
party_list_34_11_55,0
party_list_34_11_56,29
party_list_34_11_57,43
